ID,Capture method,Name,State,Site,Latitude,Longitude,Date,,,,,,,,
DM26,Pole syringe,NTLLS FMD Collared Pig 16,NSW,Glenmore,-29.48262,151.25631,28/02/2023,,,,,,,,
DM25,Pole syringe,NTLLS FMD Collared Pig 15,NSW,Glenorchy,-29.506635,151.2098,27/02/2023,,,,,,,,
DM24,Pole syringe,NTLLS FMD Collared Pig 14,NSW,Kahmoo,-29.551705,151.240547,22/02/2023,,,,,,,,
DM53,Pole syringe,Eastern Collared Pig 64,NSW,Starlight,-29.941093,152.173843,20/02/2023,,,,,,,,
DM52,Pole syringe,Eastern Collared Pig 63,NSW,Starlight ,-29.941294,152.173881,17/02/2023,,,,,,,,
DM22,Pole syringe,NTLLS FMD Collared Pig 12,NSW,Kashmir,-29.53278,151.256966,14/02/2023,,,,,,,,
DM51,Pole syringe,EasternCollared Pig 67,NSW,Oakwood,-29.891713,152.041384,9/02/2023,,,,,,,,
DM50,Pole syringe,EasternCollared Pig 66,NSW,Indigo ,-29.982486,152.137736,8/02/2023,,,,,,,,
DM21,Pole syringe,NTLLS FMD Collared Pig 11,NSW,Tower Hill,-29.499634,151.254698,3/02/2023,,,,,,,,
DM20,Pole syringe,NTLLS FMD Collared Pig 10,NSW,Kahmoo,-29.551826,151.240898,2/02/2023,,,,,,,,
DM19,Pole syringe,NTLLS FMD Collared Pig 9,NSW,Windorah,-29.474975,151.213451,2/02/2023,,,,,,,,
DM16,Pole syringe,NTLLS FMD Collared Pig 6,NSW,Maryland,-29.548622,151.321042,25/01/2023,,,,,,,,
DM11,Pole syringe,NTLLS FMD Collared Pig 1,NSW,Windorah ,-29.475275,151.213568,17/01/2023,,,,,,,,
DM49,Pole syringe,Eastern Collared Pig 29,NSW,Brown spur,-29.881327,152.279996,18/12/2022,,,,,,,,
DM48,Pole syringe,Eastern Collared Pig 61,NSW,Bowen’s NP Guy fawkes ,-29.91586,152.167986,16/09/2022,,,,,,,,
DM47,Pole syringe,Eastern Collared Pig 60,NSW,Glen nevis,-29.923135,152.194711,11/09/2022,,,,,,,,
DM44,Pole syringe,Eastern Collared Pig 57,NSW,Chard panel trap. Baileys property ,-29.897948,152.121885,7/09/2022,,,,,,,,
DM42,Pole syringe,Eastern Collared Pig 55,NSW,Guy fawkes,-29.920478,152.102483,6/09/2022,,,,,,,,
DM38,Pole syringe,Eastern Collared Pig 100,NSW,Darren’s place,-29.802945,151.926895,22/07/2022,,,,,,,,
DM155,Pole syringe,Alpine Collared Pig 16,NSW,Shellgrove,-36.244652,149.336302,29/06/2022,,,,,,,,
DM154,Pole syringe,Alpine Collared Pig 15,NSW,Shell grove,-36.244688,149.336299,28/06/2022,,,,,,,,
DM153,Pole syringe,Alpine Collared Pig 14,NSW,Badaja mill,-36.058014,149.541665,28/06/2022,,,,,,,,
DM152,Pole syringe,Alpine Collared Pig 13,NSW,Baja mill,-36.058169,149.541665,28/06/2022,,,,,,,,
DM151,Pole syringe,Alpine Collared Pig 12,NSW,Gaerloch,-36.223163,149.484232,28/06/2022,,,,,,,,
DM150,Pole syringe,Alpine Collared Pig 11,NSW,Shellgrove,-36.244677,149.33626,27/06/2022,,,,,,,,
DM149,Pole syringe,Alpine Collared Pig 10,NSW,Undo the swamp,-36.173608,149.400228,27/06/2022,,,,,,,,
DM79,Pole syringe,Mulgate Creek Collared Pig 9,NSW,PBI,-30.263488,149.819648,24/05/2022,,,,,,,,
DM78,Pole syringe,Mulgate Creek Collared Pig 8,NSW,Lara,-30.259547,149.864092,18/05/2022,,,,,,,,
DM148,Pole syringe,Alpine Collared Pig 64,NSW,Jinden,-35.900809,149.615616,22/04/2022,,,,,,,,
DM147,Pole syringe,Alpine Collared Pig 63,NSW,Jinden,-35.90079,149.615595,22/04/2022,,,,,,,,
DM146,Pole syringe,Alpine Collared Pig 62,NSW,Jinden,-35.894707,149.61311,21/04/2022,,,,,,,,
DM37,Pole syringe,Eastern Collared Pig 54,NSW,Glen burn ,-29.802667,151.926241,3/04/2022,,,,,,,,
DM41,Pole syringe,Eastern Collared Pig 31,NSW,Oakwood state forest ,-29.901254,152.100844,11/03/2022,,,,,,,,
DM33,Pole syringe,Eastern Collared Pig 50,NSW,Kingsgate station ,-29.810225,152.064518,3/03/2022,,,,,,,,
DM145,Pole syringe,Alpine Collared Pig 7,NSW,Mt Numeralla,-36.173834,149.399582,1/03/2022,,,,,,,,
DM32,Pole syringe,Eastern Collared Pig 49,NSW,Eastern river,-29.899928,152.012193,28/02/2022,,,,,,,,
DM29,Pole syringe,Eastern Collared Pig 47,NSW,Kingsgate Station,-29.755585,151.980057,23/02/2022,,,,,,,,
DM77,Pole syringe,Mulgate Creek Collared Pig 7,NSW,Nioka,-30.238381,149.965439,5/02/2022,,,,,,,,
DM76,Pole syringe,Mulgate Creek Collared Pig 6,NSW,Nioka ,-30.238333,149.965483,4/02/2022,,,,,,,,
DM75,Pole syringe,Mulgate Creek Collared Pig 5,NSW,Nioka,-30.245684,149.964887,4/02/2022,,,,,,,,
DM144,Pole syringe,Alpine Collared Pig 9,NSW,M and S farmSiege,-36.651109,149.387947,4/02/2022,,,,,,,,
DM143,Pole syringe,Alpine Collared Pig 8,NSW,"M and S Farm

Mareea",-36.65503,149.367539,4/02/2022,,,,,,,,
DM142,Pole syringe,Alpine Collared Pig 6,NSW,Green Hills,-35.996721,149.466806,21/12/2021,,,,,,,,
DM141,Pole syringe,Alpine Collared Pig 61,NSW,Krawarree,-35.853732,149.582661,16/12/2021,,,,,,,,
DM140,Pole syringe,Alpine Collared Pig 60,NSW,Jinden,-35.894695,149.61311,16/12/2021,,,,,,,,
DM139,Pole syringe,Alpine Collared Pig 59,NSW,The Junction,-35.702934,149.862159,15/12/2021,,,,,,,,
DM138,Pole syringe,Alpine Collared Pig 58,NSW,Telowar,-35.705454,149.756706,15/12/2021,,,,,,,,
DM137,Pole syringe,Alpine Collared Pig 55,NSW,Tim Reynolds,-35.698645,149.755001,15/12/2021,,,,,,,,
DM136,Pole syringe,AlpineCollared Pig 56,NSW,Krewaree,-35.853742,149.582589,14/12/2021,,,,,,,,
DM135,Pole syringe,Alpine Collared Pig 57,NSW,Krawaree,-35.853791,149.582698,14/12/2021,,,,,,,,
DM134,Pole syringe,Alpine Collared Pig 55a,NSW,Don Collett,-35.682028,149.753142,15/11/2021,,,,,,,,
DM133,Pole syringe,Alpine Collared Pig 54,NSW,Don Collett,-35.679603,149.751447,15/11/2021,,,,,,,,
DM132,Pole syringe,Alpine Collared Pig 106,NSW,Losbys,-34.506132,150.052471,10/11/2021,,,,,,,,
DM131,Pole syringe,Alpine Collared Pig 105,NSW,Lowsebys,-34.506132,150.052557,10/11/2021,,,,,,,,
DM130,Pole syringe,Alpine Collared Pig 53,NSW,Alpine,-35.849404,149.790383,9/11/2021,,,,,,,,
DM129,Pole syringe,Western Collared Pig 42,NSW,"My Jack
",-30.806189,143.777287,14/10/2021,,,,,,,,
DM128,Pole syringe,Western Collared Pig 41,NSW,"Mt Jack
",-30.806955,143.763647,13/10/2021,,,,,,,,
DM126,Pole syringe,Western Collared Pig 39,NSW,Mt Jack,-30.866131,143.656111,11/10/2021,,,,,,,,
DM125,Pole syringe,Western Collared Pig 38,NSW,Mt Jack,-30.82679,143.742426,10/10/2021,,,,,,,,
DM124,Pole syringe,Western Collared Pig 37,NSW,"My Jack
",-30.807173,143.679457,10/10/2021,,,,,,,,
DM123,Pole syringe,Western Collared Pig 36,NSW,CMt Jack,-30.866205,143.656197,9/10/2021,,,,,,,,
DM122,Pole syringe,Western Collared Pig 35,NSW,Clondyke,-30.718706,143.74319,9/10/2021,,,,,,,,
DM74,Pole syringe,Mulgate Creek Collared Pig 4,NSW,Llara,-30.253026,149.873669,21/07/2021,,,,,,,,
DM73,Pole syringe,Mulgate Creek Collared Pig 3,NSW,Llara,-30.253655,149.891453,21/07/2021,,,,,,,,
DM72,Pole syringe,Mulgate Creek Collared Pig 2,NSW,Nioka,-30.234537,149.96281,20/07/2021,,,,,,,,
DM71,Pole syringe,Mulgate Creek Collared Pig 1,NSW,Nioka,-30.234599,149.963036,20/07/2021,,,,,,,,
DM120,Pole syringe,Western Collared Pig 33,NSW,Mount Jack ,-30.807246,143.679512,17/05/2021,,,,,,,,
DM119,Pole syringe,Western Collared Pig 32,NSW,Norma Downs,-30.629761,143.923342,18/12/2020,,,,,,,,
DM118,Pole syringe,Western Collared Pig 31,NSW,Norma Downs,-30.600664,143.923326,18/12/2020,,,,,,,,
DM117,Pole syringe,Western Collared Pig 30,NSW,Norma Downs,-30.696196,143.89426,17/12/2020,,,,,,,,
DM116,Pole syringe,Western Collared Pig 29,NSW,Norma Downs,-30.63406,143.96922,17/12/2020,,,,,,,,
DM114,Pole syringe,Western Collared Pig 27,NSW,Norma Downs,-30.557691,143.964291,30/11/2020,,,,,,,,
DM113,Pole syringe,Western Collared Pig 26,NSW,"Tongo
",-30.474421,143.675511,30/11/2020,,,,,,,,
DM112,Pole syringe,Western Collared Pig 25,NSW,Tongo,-30.405021,143.570583,29/11/2020,,,,,,,,
DM111,Pole syringe,Western Collared Pig 24,NSW,Tiltawera,-30.03504,144.095917,28/11/2020,,,,,,,,
DM110,Pole syringe,Western Collared Pig 23,NSW,Laurel vale,-30.548172,143.941224,28/11/2020,,,,,,,,
DM109,Pole syringe,Western Collared Pig 22,NSW,Laurel vale ,-30.547868,143.941434,28/11/2020,,,,,,,,
DM108,Pole syringe,Western Collared Pig 21,NSW,Norma Downs ,-30.664756,143.923211,27/11/2020,,,,,,,,
DM107,Pole syringe,Western Collared Pig 20,NSW,Tongo ,-30.474616,143.675567,25/11/2020,,,,,,,,
DM106,Pole syringe,Western Collared Pig 19,NSW,Tongo,-30.40508,143.57014,25/11/2020,,,,,,,,
DM104,Pole syringe,Western Collared Pig 17,NSW,Tongo,-30.494847,143.590869,24/11/2020,,,,,,,,
DM105,Pole syringe,Western Collared Pig 18,NSW,Warramutty,-30.466201,143.959288,24/11/2020,,,,,,,,
DM103,Pole syringe,Western Collared Pig 16,NSW,Nocoleche west,-29.884402,144.083571,12/11/2020,,,,,,,,
DM102,Pole syringe,Western Collared Pig 15,NSW,Noceleche,-29.961558,144.127569,11/11/2020,,,,,,,,
DM98,Pole syringe,Western Collared Pig 10,NSW,Noch,-29.961516,144.127265,25/09/2020,,,,,,,,
DM97,Pole syringe,Western Collared Pig 9,NSW,Barcheka,-29.637463,143.945159,24/09/2020,,,,,,,,
DM96,Pole syringe,Western Collared Pig 8,NSW,Barchecar ,-29.637463,143.945159,24/09/2020,,,,,,,,
DM95,Pole syringe,Western Collared Pig 7,NSW,Moorland Downs,-29.446497,144.340168,24/09/2020,,,,,,,,
DM94,Pole syringe,Western Collared Pig 6,NSW,Noch,-29.979024,144.222544,18/09/2020,,,,,,,,
DM93,Pole syringe,Western Collared Pig 5,NSW,Noch,-29.979074,144.222544,18/09/2020,,,,,,,,
DM92,Pole syringe,Western Collared Pig 4,NSW,Noch,-29.979024,144.222544,18/09/2020,,,,,,,,
DM90,Pole syringe,Western Collared Pig 2,NSW,Lenroy,-29.512525,144.282246,16/09/2020,,,,,,,,
DM100,Pole syringe,Western Collared Pig 13,NSW,Gov tank,-30.594319,143.678169,15/09/2020,,,,,,,,
AB35,Manual,,NSW,booligal,-33.813679,144.810974,19/10/2021,,,,,,,,
AB31,Manual,,NSW,Yantabulla,-29.29164,144.975308,20/09/2023,,,,,,,,
DM115,Pole syringe,Western Collared Pig 28,NSW,Tiltawera,-30.044786,144.082305,17/12/2020,,,,,,,,
DM127,Pole syringe,Western Collared Pig 40,NSW,Mt Jack,-30.831793,143.626242,12/10/2021,,,,,,,,
AB52,Manual,,NSW,willowtree,-31.822872,150.50396,19/12/2022,,,,,,,,
AB44,Manual,,NSW,Yantabulla,-29.295979,144.979313,19/09/2023,,,,,,,,
SC10,Manual,Bingara Collared Pig 10,NSW,Bingara,-29.757562,150.480041,13/02/2025,,,,,,,,
AB33,Manual,,NSW,booligal,-33.812991,144.742944,21/10/2021,,,,,,,,
AB65,Manual,,NSW,nimmie,-34.512887,144.024403,16/03/2021,,,,,,,,
AB36,Manual,,NSW,booligal,-33.812946,144.742919,20/10/2021,,,,,,,,
AB20,Manual,,NSW,willowtree,-31.822863,150.503893,30/11/2022,,,,,,,,
AB57,Manual,,NSW,marimley,-34.421912,143.730368,18/03/2021,,,,,,,,
AB03,Manual,,NSW,Yantabulla,-29.252607,144.981766,20/09/2023,,,,,,,,
DM27,Pole syringe,Eastern Collared Pig 44,NSW,Old farm ,-29.960884,152.065458,22/02/2022,,,,,,,,
DM23,Pole syringe,NTLLS FMD Collared Pig 13,NSW,Kasmir,-29.526061,151.266754,15/02/2023,,,,,,,,
AB74,Manual,,NSW,booligal,-33.813679,144.810974,19/10/2021,,,,,,,,
AB66,Manual,,NSW,nimmie,-34.516581,144.034895,16/03/2021,,,,,,,,
DM18,Pole syringe,NTLLS FMD Collared Pig 8,NSW,Pindaroi station,-29.502336,151.296369,29/01/2023,,,,,,,,
DM36,Pole syringe,Eastern Collared Pig 53,NSW,Oban View,-30.088925,151.88899,7/03/2022,,,,,,,,
DM14,Pole syringe,NTLLS FMD Collared Pig 4,NSW,Glen more ,-29.482565,151.256197,25/01/2023,,,,,,,,
DM15,Pole syringe,NTLLS FMD Collared Pig 5,NSW,Maryland,-29.548622,151.319445,25/01/2023,,,,,,,,
DM17,Pole syringe,NTLLS FMD Collared Pig 7,NSW,Maryland,-29.548523,151.318577,25/01/2023,,,,,,,,
AB68,Manual,,NSW,marimley,-34.421912,143.730368,18/03/2021,,,,,,,,
DM13,Pole syringe,NTLLS FMD Collared Pig 3,NSW,Kahmoo,-29.551582,151.240487,25/01/2023,,,,,,,,
AB23,Manual,,NSW,nimmie,-34.5159647,144.034904,17/03/2021,,,,,,,,
DM12,Pole syringe,NTLLS FMD Collared Pig 2,NSW,Pindaroi station ,-29.510142,151.274712,17/01/2023,,,,,,,,
AB75,Manual,,NSW,napnap,-34.499612,144.21579,17/03/2021,,,,,,,,
AB32,Manual,,NSW,willowtree,-31.800267,150.51079,19/12/2022,,,,,,,,
AB17,Manual,,NSW,willowtree,-31.822863,150.503893,30/11/2022,,,,,,,,
DM45,Pole syringe,Eastern Collared Pig 58,NSW,Starlight river trap. Guy fawkes ,-29.94119,152.173477,7/09/2022,,,,,,,,
AB05,Manual,,NSW,willowtree,-31.786464,150.520252,2/12/2022,,,,,,,,
AB60,Manual,,NSW,nimmie,-34.526294,144.024585,16/03/2021,,,,,,,,
AB61,Manual,,NSW,booligal,-33.813824,144.73832,21/10/2021,,,,,,,,
DM46,Pole syringe,Eastern Collared Pig 59,NSW,Tom Williamson ,-29.871144,152.040952,8/09/2022,,,,,,,,
DM39,Pole syringe,Eastern Collared Pig 70,NSW,Not sure,-29.871074,152.040774,31/08/2022,,,,,,,,
AB64,Manual,,NSW,napnap,-34.499612,144.21579,17/03/2021,,,,,,,,
AB76,Manual,,NSW,nimmie,-34.5159647,144.034904,17/03/2021,,,,,,,,
AB49,Manual,,NSW,nimmie,-34.515762,144.024655,17/03/2021,,,,,,,,
AB69,Manual,,NSW,nimmie,-34.512887,144.024403,16/03/2021,,,,,,,,
AB72,Manual,,NSW,nimmie,-34.516581,144.034895,16/03/2021,,,,,,,,
AB16,Manual,,NSW,napnap,-34.496248,144.204335,16/03/2021,,,,,,,,
DM35,Pole syringe,Eastern Collared Pig 52,NSW,Kingsgate Station,-29.790973,152.025032,4/03/2022,,,,,,,,
DM31,Pole syringe,Eastern Collared Pig 48,NSW,"KINGSGATE STATION
",-29.80654,152.063656,23/02/2022,,,,,,,,
DM40,Pole syringe,Eastern Collared Pig 72,NSW,Newberries,-29.870956,152.040812,1/09/2022,,,,,,,,
DM30,Pole syringe,Eastern Collared Pig 46,NSW,Kingsgate Station,-29.755633,151.980097,23/02/2022,,,,,,,,
DM34,Pole syringe,Eastern Collared Pig 51,NSW,Kingsgate Station ,-29.790899,152.027092,4/03/2022,,,,,,,,
AB15,Manual,,NSW,willowtree,-31.786464,150.520252,30/11/2022,,,,,,,,
AB10,Manual,,NSW,willowtree,-31.822863,150.503893,30/11/2022,,,,,,,,
AB70,Manual,,NSW,booligal,-33.813667,144.738014,20/10/2021,,,,,,,,
DM43,Pole syringe,Eastern Collared Pig 56,NSW,Guy fawkes,-29.923543,152.113932,6/09/2022,,,,,,,,
AB37,Manual,,NSW,napnap,-34.44902,144.156856,19/03/2021,,,,,,,,
AB02,Manual,,NSW,willowtree,-31.822863,150.503893,1/12/2022,,,,,,,,
AB27,Manual,,NSW,nimmie,-34.516001,144.034982,19/03/2021,,,,,,,,
AB62,Manual,,NSW,nimmie,-34.515762,144.024655,17/03/2021,,,,,,,,
AB71,Manual,,NSW,nimmie,-34.512887,144.024403,16/03/2021,,,,,,,,
AB43,Manual,,NSW,nimmie,-34.515762,144.024655,17/03/2021,,,,,,,,
DM89,Pole syringe,Western Collared Pig 1,NSW,Len Roy ,-29.512525,144.282246,16/09/2020,,,,,,,,
DM91,Pole syringe,Western Collared Pig 3,NSW,Moreland Downs ,-29.452433,144.340465,17/09/2020,,,,,,,,
AB73,Manual,,NSW,booligal,-33.813679,144.810974,19/10/2021,,,,,,,,
DM101,Pole syringe,Western Collared Pig 14,NSW,Nocheleche,-29.97673,144.131056,11/11/2020,,,,,,,,
AB51,Manual,,NSW,booligal,-33.81369,144.810992,21/10/2021,,,,,,,,
DM121,Pole syringe,Western Collared Pig 34,NSW,Mount Jack,-30.826867,143.742165,18/05/2021,,,,,,,,
AB01,Manual,,NSW,Yantabulla,-29.257851,144.977894,20/09/2023,,,,,,,,
AB04,Manual,,NSW,willowtree,-31.822863,150.503893,2/12/2022,,,,,,,,
AB06,Manual,,NSW,Yantabulla,-29.256285,144.973616,21/09/2023,,,,,,,,
AB07,Manual,,NSW,Yantabulla,-29.254101,144.971346,21/09/2023,,,,,,,,
AB08,Manual,,NSW,Yantabulla,-29.257809,144.977931,21/09/2023,,,,,,,,
AB09,Manual,,NSW,Yantabulla,-29.257883,144.977942,19/09/2023,,,,,,,,
AB11,Manual,,NSW,willowtree,-31.822863,150.503893,1/12/2022,,,,,,,,
AB12,Manual,,NSW,willowtree,-31.822863,150.503893,30/11/2022,,,,,,,,
AB13,Manual,,NSW,Yantabulla,-29.29163,144.962412,20/09/2023,,,,,,,,
AB14,Manual,,NSW,Yantabulla,-29.296027,144.979284,21/09/2023,,,,,,,,
AB18,Manual,,NSW,Yantabulla,-29.55402,144.971334,19/09/2023,,,,,,,,
AB19,Manual,,NSW,booligal,-33.813667,144.738014,20/10/2021,,,,,,,,
AB21,Manual,,NSW,Yantabulla,-29.303716,144.950247,19/09/2023,,,,,,,,
AB22,Manual,,NSW,booligal,-33.813679,144.810974,19/10/2021,,,,,,,,
AB24,Manual,,NSW,Yantabulla,-29.252558,144.981828,19/09/2023,,,,,,,,
AB25,Manual,,NSW,Yantabulla,-29.256353,144.973638,21/09/2023,,,,,,,,
AB26,Manual,,NSW,Yantabulla,-29.256353,144.973638,20/09/2023,,,,,,,,
AB28,Manual,,NSW,willowtree,-31.800267,150.51079,19/12/2022,,,,,,,,
AB29,Manual,,NSW,Yantabulla,-29.257809,144.977931,21/09/2023,,,,,,,,
AB30,Manual,,NSW,Yantabulla,-29.291613,144.962408,21/09/2023,,,,,,,,
AB34,Manual,,NSW,Yantabulla,-29.25641,144.973758,19/09/2023,,,,,,,,
AB38,Manual,,NSW,willowtree,-31.822863,150.503893,30/11/2022,,,,,,,,
AB39,Manual,,NSW,marimley,-34.431,143.7,18/03/2021,,,,,,,,
AB40,Manual,,NSW,Yantabulla,-29.25402,144.971334,19/09/2023,,,,,,,,
AB41,Manual,,NSW,Yantabulla,-29.257851,144.977894,20/09/2023,,,,,,,,
AB42,Manual,,NSW,Yantabulla,-29.308051,144.961183,20/09/2023,,,,,,,,
AB45,Manual,,NSW,Yantabulla,-29.328107,144.9735,20/09/2023,,,,,,,,
AB46,Manual,,NSW,Yantabulla,-29.25402,144.971334,19/09/2023,,,,,,,,
AB47,Manual,,NSW,Yantabulla,-29.295979,144.979313,19/09/2023,,,,,,,,
AB48,Manual,,NSW,nimmie,-34.516309,144.024584,16/03/2021,,,,,,,,
AB50,Manual,,NSW,Yantabulla,-29.296014,144.9792,20/09/2023,,,,,,,,
AB53,Manual,,NSW,Yantabulla,-29.29164,144.975308,20/09/2023,,,,,,,,
AB54,Manual,,NSW,booligal,-33.813679,144.810974,19/10/2021,,,,,,,,
AB55,Manual,,NSW,Yantabulla,-29.329164,144.975308,20/09/2023,,,,,,,,
AB56,Manual,,NSW,Yantabulla,-29.296014,144.9792,20/09/2023,,,,,,,,
AB58,Manual,,NSW,Yantabulla,-29.295979,144.979313,19/09/2023,,,,,,,,
AB59,Manual,,NSW,booligal,-33.812991,144.742944,21/10/2021,,,,,,,,
AB63,Manual,,NSW,willowtree,-31.800267,150.51079,19/12/2022,,,,,,,,
AB67,Manual,,NSW,booligal,-33.813667,144.738014,20/10/2021,,,,,,,,
AB77,Manual,,NSW,Yantabulla,-29.296027,144.979284,21/09/2023,,,,,,,,
DM28,Pole syringe,Eastern Collared Pig 45,NSW,Old farm ,-29.960884,152.065458,22/02/2022,,,,,,,,
DM99,Pole syringe,Western Collared Pig 11,NSW,"Tongo
",-30.541562,143.701087,17/09/2020,,,,,,,,
SC01,Manual,Bingara Collared Pig 1,NSW,Bingara,-29.749766,150.485982,12/02/2025,,,,,,,,
SC02,Manual,Bingara Collared Pig 2,NSW,Bingara,-29.749766,150.485982,12/02/2025,,,,,,,,
SC03,Manual,Bingara Collared Pig 3,NSW,Bingara,-29.749766,150.485982,12/02/2025,,,,,,,,
SC04,Manual,Bingara Collared Pig 4,NSW,Bingara,-29.749766,150.485982,12/02/2025,,,,,,,,
SC05,Manual,Bingara Collared Pig 5,NSW,Bingara,-29.751488,150.486046,12/02/2025,,,,,,,,
SC06,Manual,Bingara Collared Pig 6,NSW,Bingara,-29.749701,150.488725,11/02/2025,,,,,,,,
SC07,Manual,Bingara Collared Pig 7,NSW,Bingara,-29.749701,150.488725,11/02/2025,,,,,,,,
SC08,Manual,Bingara Collared Pig 8,NSW,Bingara,-29.757562,150.480041,13/02/2025,,,,,,,,
SC09,Manual,Bingara Collared Pig 9,NSW,Bingara,-29.757562,150.480041,13/02/2025,,,,,,,,
SC11,Manual,Bingara Collared Pig 11,NSW,Bingara,-29.757562,150.480041,13/02/2025,,,,,,,,
SC12,Manual,Bingara Collared Pig 12,NSW,Bingara,-29.749766,150.485982,14/02/2025,,,,,,,,
SC13,Manual,Bingara Collared Pig 13,NSW,Bingara,-29.749766,150.485982,14/02/2025,,,,,,,,
SC14,Manual,Bingara Collared Pig 14,NSW,Bingara,-29.749766,150.485982,14/02/2025,,,,,,,,
DM10,Pole syringe,Bunya Collared Pig 15,QLD,Russel park,-26.895773,151.59552,3/07/2024,,,,,,,,
DM09,Pole syringe,Bunya Collared Pig 14,QLD,Russel Park,-26.895991,151.59576,5/06/2024,,,,,,,,
DM08,Pole syringe,Bunya Collared Pig 13,QLD,Russel PARK,-26.895797,151.595552,5/06/2024,,,,,,,,
DM07,Pole syringe,Bunya Collared Pig 12,QLD,Wenhems,-26.892981,151.550766,21/03/2024,,,,,,,,
DM06,Pole syringe,Bunya Collared Pig 11,QLD,Nations ,-26.928728,151.574507,5/03/2024,,,,,,,,
DM05,Pole syringe,Bunya Collared Pig 10,QLD,Russel park ,-26.895835,151.595637,27/11/2023,,,,,,,,
DM04,Pole syringe,Bunya Collared Pig 9,QLD,Irwins,-26.871014,151.53591,24/11/2023,,,,,,,,
DM03,Pole syringe,Bunya Collared Pig 8,QLD,Irwins,-26.871043,151.535768,24/11/2023,,,,,,,,
DM02,Pole syringe,Bunya Collared Pig 7,QLD,Wattlegrove,-26.852512,151.514226,24/11/2023,,,,,,,,
DM01,Pole syringe,Bunya Collared Pig 3,QLD,Marbehvale,-26.793529,151.448498,22/05/2023,,,,,,,,
DM70,Pole syringe,Mt Hutton Collared Pig 17,QLD,Rocky hills,-25.933246,148.34189,26/09/2022,,,,,,,,
DM69,Pole syringe,Mt Hutton Collared Pig 16,QLD,Crowman,-25.822409,148.311683,24/09/2022,,,,,,,,
DM68,Pole syringe,Mt Hutton Collared Pig 15,QLD,Crowman,-25.834598,148.300096,23/09/2022,,,,,,,,
DM67,Pole syringe,Mt Hutton Collared Pig 14,QLD,Rocky hills,-25.932623,148.350265,14/07/2022,,,,,,,,
DM66,Pole syringe,Mt Hutton Collared Pig 13,QLD,Cobbahdah,-25.796259,148.326244,28/03/2022,,,,,,,,
DM65,Pole syringe,Mt Hutton Collared Pig 12,QLD,Rocky hills,-25.875122,148.291903,23/03/2022,,,,,,,,
DM64,Pole syringe,Mt Hutton Collared Pig 11,QLD,Glentulloch,-25.767853,148.388736,22/03/2022,,,,,,,,
DM63,Pole syringe,Mt Hutton Collared Pig 10,QLD,Cobbadah,-25.793477,148.374481,21/03/2022,,,,,,,,
DM62,Pole syringe,Mt Hutton Collared Pig 9,QLD,"Glentulloch
",-25.729937,148.422718,24/02/2022,,,,,,,,
DM61,Pole syringe,Mt Hutton Collared Pig 8,QLD,Glentulloch,-25.729933,148.422811,16/02/2022,,,,,,,,
DM60,Pole syringe,Mt Hutton Collared Pig 7,QLD,Rocky Hills,-25.932834,148.341731,25/11/2021,,,,,,,,
DM59,Pole syringe,Mt Hutton Collared Pig 6,QLD,Rocky Hills,-25.875018,148.284429,6/11/2021,,,,,,,,
DM58,Pole syringe,Mt Hutton Collared Pig 5,QLD,Ninderra,-25.703099,148.363626,4/11/2021,,,,,,,,
DM57,Pole syringe,Mt Hutton Collared Pig 4,QLD,Rocky Hills,-25.874979,148.284016,29/10/2021,,,,,,,,
DM56,Pole syringe,Mt Hutton Collared Pig 3,QLD,Oakey creek dam,-25.733106,148.309233,28/10/2021,,,,,,,,
DM55,Pole syringe,Mt Hutton Collared Pig 2,QLD,Rocky hills,-25.872299,148.303062,26/10/2021,,,,,,,,
DM54,Pole syringe,Mt Hutton Collared Pig 1,QLD,Rocky Hills,-25.872317,148.303294,25/10/2021,,,,,,,,
DM82,Pole syringe,Bottletree April 2021 Collared Pig 3,QLD,Bottle Tree,-25.226786,148.7747,6/05/2021,,,,,,,,
DM81,Pole syringe,Bottletree April 2021 Collared Pig 2,QLD,bottle Tree,-25.226786,148.7747,6/05/2021,,,,,,,,
DM80,Pole syringe,Bottletree April 2021 Collared Pig 1,QLD,Bottle Tree,-25.205778,148.817286,5/05/2021,,,,,,,,
PC001,Darting,Shelly,WA,Northcliffe,-34.67905,116.24004,19/11/2014,,,,,,,,
PC002,Darting,Cathy,WA,Northcliffe,-34.71918,116.27244,26/11/2014,,,,,,,,
PC005,Darting,Brutus,WA,Northcliffe,-34.69174,116.24012,13/12/2014,,,,,,,,
PC007,Darting,Boris,WA,Northcliffe,-34.76715,117.12141,9/04/2015,,,,,,,,
PC008,Darting,Daisy,WA,Northcliffe,-34.75802,117.03861,23/04/2015,,,,,,,,
PC009,Darting,Molly,WA,Northcliffe,-34.75802,117.03861,23/04/2015,,,,,,,,
DM83,Pole syringe,Bottletree Oct 2020 Collared Pig 1,QLD,Bottle Tree,-25.192354,148.839856,3/11/2020,,,,,,,,
DM84,Pole syringe,Bottletree Oct 2020 Collared Pig 2,QLD,Austral park,-25.097725,148.732224,4/11/2020,,,,,,,,
DM85,Pole syringe,Bottletree Oct 2020 Collared Pig 3,QLD,Austral Park,-25.085677,148.792906,4/11/2020,,,,,,,,
DM86,Pole syringe,Bottletree Oct 2020 Collared Pig 4,QLD,Bottle tree,-25.163869,148.851665,5/11/2020,,,,,,,,
DM87,Pole syringe,Bottletree Oct 2020 Collared Pig 5,QLD,Bottle tree,-25.163404,148.850933,5/11/2020,,,,,,,,
DM88,Pole syringe,Bottletree Oct 2020 Collared Pig 6,QLD,Bottle tree,-25.224727,148.768569,6/11/2020,,,,,,,,
PC010,Darting,Iron Mike,WA,Northcliffe,-34.50901,116.36551,24/04/2015,,,,,,,,
PC011,Darting,Babe,WA,Northcliffe,-34.50901,116.36551,24/04/2015,,,,,,,,
PC012,Darting,Babe's friend,WA,Northcliffe,-34.59191,116.35,24/04/2015,,,,,,,,
PC013,Darting,Charlotte,WA,Northcliffe,-34.69483,116.62993,6/05/2015,,,,,,,,
PC014,Darting,Shazza,WA,Northcliffe,-34.52253,116.48694,28/05/2015,,,,,,,,
PC015,Darting,Squirt,WA,Northcliffe,-34.52253,116.48694,28/05/2015,,,,,,,,
PC016,Darting,Eddy,WA,Northcliffe,-34.63367,116.3469,29/05/2015,,,,,,,,
PC017,Darting,Lenni,WA,Northcliffe,-34.64323,116.31983,3/06/2015,,,,,,,,
PC018,Darting,Pig5,WA,Perth region,-31.60435,116.10781,28/12/2015,,,,,,,,
PC019,Darting,Pig6,WA,Perth region,-31.60435,116.10781,28/12/2015,,,,,,,,
PC020,Darting,Pig7,WA,Perth region,-31.60435,116.10781,28/12/2015,,,,,,,,
PC021,Darting,Pig2,WA,Perth region,-31.60435,116.10781,28/12/2015,,,,,,,,
PC022,Darting,Arnie,WA,Perth region,-31.60435,116.10781,31/12/2015,,,,,,,,
PC023,Darting,Lucky,WA,Northcliffe,-34.75774,116.19237,5/02/2016,,,,,,,,
PC024,Darting,Honey,WA,Northcliffe,-34.75774,116.19237,5/02/2016,,,,,,,,
PC025,Darting,Hannah,WA,Northcliffe,-34.76067,116.19182,10/02/2016,,,,,,,,
PC026,Darting,Jaws,WA,Northcliffe,-34.75774,116.19237,10/02/2016,,,,,,,,
PC027,Darting,Rosie,WA,Northcliffe,-34.7667,116.19158,26/02/2016,,,,,,,,
PC028,Darting,Hayley,WA,Northcliffe,-34.7667,116.19158,26/02/2016,,,,,,,,
PC029,Darting,Hippo,WA,Northcliffe,-34.75774,116.19237,24/03/2016,,,,,,,,
PC030,Darting,Lincoln,WA,Northcliffe,-34.84053,116.3746,30/03/2016,,,,,,,,
PC031,Darting,Hayley,WA,Northcliffe,-34.76067,116.19182,28/07/2016,,,,,,,,
PC032,Darting,Honey,WA,Northcliffe,-34.7667,116.19158,3/08/2016,,,,,,,,
PC033,Darting,Hannah,WA,Northcliffe,-34.76067,116.19182,3/08/2016,,,,,,,,
PC034,Darting,Rosie,WA,Northcliffe,-34.7667,116.19158,3/08/2016,,,,,,,,
PC035,Darting,Hayley,WA,Northcliffe,-34.7667,116.19158,3/08/2016,,,,,,,,
PC036,Darting,Halina,WA,Northcliffe,-34.7667,116.19158,3/08/2016,,,,,,,,
PC037,Darting,Trump,WA,Kimberley,-16.510732,125.540145,1/12/2016,,,,,,,,
PC038,Darting,Clere,WA,Gascoyne,-25.065759,117.578443,8/12/2016,,,,,,,,
PC039,Darting,Honey,WA,Northcliffe,-34.75774,116.19237,20/12/2016,,,,,,,,
PC040,Darting,Hannah,WA,Northcliffe,-34.75774,116.19237,20/12/2016,,,,,,,,
PC041,Darting,Rosie,WA,Northcliffe,-34.7667,116.19158,20/12/2016,,,,,,,,
PC042,Darting,Hayley,WA,Northcliffe,-34.75774,116.19237,20/12/2016,,,,,,,,
PC043,Darting,Hippo,WA,Northcliffe,-34.76067,116.19182,2/03/2017,,,,,,,,
PC044,Darting,Rosie,WA,Northcliffe,-34.76067,116.19182,12/05/2017,,,,,,,,
PC045,Darting,Hayley,WA,Northcliffe,-34.76067,116.19182,12/05/2017,,,,,,,,
PC046,Darting,Claude,WA,Gascoyne,25.03009,117.32827,13/10/2017,,,,,,,,
PC047,Darting,Crackers,WA,Gascoyne,25.03102,117.45159,18/10/2017,,,,,,,,
PC048,Darting,Clive,WA,Gascoyne,25.03102,117.45159,18/10/2017,,,,,,,,
PC049,Darting,Charlotte,WA,Gascoyne,25.03102,117.45159,18/10/2017,,,,,,,,
PC050,Darting,Chamomile,WA,Gascoyne,25.06593,117.57816,21/11/2017,,,,,,,,
PC051,Darting,Custard,WA,Gascoyne,25.06593,117.57816,21/11/2017,,,,,,,,
PC052,Darting,Char,WA,Gascoyne,25.06593,117.57816,22/11/2017,,,,,,,,
PC053,Darting,Carmen,WA,Gascoyne,25.06593,117.57816,22/11/2017,,,,,,,,
PC054,Darting,Coondil,WA,Gascoyne,25.06593,117.57816,22/11/2017,,,,,,,,
PC055,Darting,Crabb,WA,Gascoyne,25.06593,117.57816,22/11/2017,,,,,,,,
PC056,Darting,Charlotte,WA,Gascoyne,25.03102,117.45159,26/04/2018,,,,,,,,
PC057,Darting,Cracklin,WA,Gascoyne,25.03102,117.45159,26/04/2018,,,,,,,,
PC058,Darting,Curly,WA,Gascoyne,-25.06671389,117.5881944,27/04/2018,,,,,,,,
PC063,Darting,Jason,WA,Northampton,-28.21737222,114.4891361,10/12/2019,,,,,,,,
PC064,Darting,Jeremy,WA,Northampton,-28.23151944,114.5022639,10/12/2019,,,,,,,,
PC065,Darting,Jansen,WA,Northampton,-28.23151944,114.5022639,11/12/2019,,,,,,,,
JH01,Darting,JH1,Vic,Suggan Buggan,-36.950420,148.326300,3/04/2012,,,,,,,,
JH03,Darting,JH2,Vic,Mount Taylor helipad,-36.968800,148.474549,8/01/2014,,,,,,,,
JH02,Darting,JH3,Vic,Mount Taylor State Forest,-36.968800,148.474549,8/01/2014,,,,,,,,
JH04,Darting,JH4,Vic,Mount Taylor helipad,-36.968800,148.474549,9/01/2014,,,,,,,,
JH05,Darting,JH5,Vic,Willis campsite,-36.902544,148.419538,11/01/2014,,,,,,,,
PC066,Darting,Jack,WA,Northampton,-28.23151944,114.5022639,11/12/2019,,,,,,,,
PC067,Darting,Mildred,WA,Northampton,-28.05599722,114.5838056,12/12/2019,,,,,,,,
PC068,Darting,George,WA,Northampton,-28.05599722,114.5838056,12/12/2019,,,,,,,,
PC069,Darting,Julia,WA,Northampton,-28.11702778,114.4914139,12/12/2019,,,,,,,,
PC070,Darting,Jonesy Jr,WA,Northampton,-28.05599722,114.5838056,14/12/2019,,,,,,,,
PC071,Darting,Chelsea,WA,Northampton,-28.05599722,114.5838056,14/12/2019,,,,,,,,
PC072,Darting,Butch,WA,Mogumber,-31.121619,116.047554,11/02/2020,,,,,,,,
PC073,Darting,Erroll,WA,Mogumber,-31.121619,116.047554,11/02/2020,,,,,,,,
PC074,Darting,Gabby,WA,Mogumber,-31.2279144,115.6294949,14/02/2020,,,,,,,,
PC075,Darting,Calamity Jane,WA,Mogumber,-31.2279144,115.6294949,14/02/2020,,,,,,,,
PC076,Darting,Juliana,WA,Northampton,-28.2146482,114.5095661,24/06/2020,,,,,,,,
PC077,Darting,Jingle Balls,WA,Northampton,-28.2146482,114.5095661,24/06/2020,,,,,,,,
PC078,Darting,Chester,WA,Northampton,-28.0656867,114.5776442,26/06/2020,,,,,,,,
PC079,Darting,Wingnut,WA,Northampton,-28.4529914,114.9128894,28/06/2020,,,,,,,,
PC080,Darting,Winnie,WA,Northampton,-28.4529914,114.9128894,28/06/2020,,,,,,,,
PC081,Darting,Kupschy,WA,Northampton,-28.4971339,115.0646647,31/07/2020,,,,,,,,
PC082,Darting,Kubrick,WA,Northampton,-28.4971339,115.0646647,31/07/2020,,,,,,,,
PC083,Darting,Kebin,WA,Northampton,-28.4971339,115.0646647,31/07/2020,,,,,,,,
PC084,Darting,Kanga,WA,Northampton,-28.4971339,115.0646647,31/07/2020,,,,,,,,
PC085,Darting,Kramer,WA,Northampton,-28.4971339,115.0646647,31/07/2020,,,,,,,,
PC086,Darting,Kandy,WA,Northampton,-28.4971339,115.0646647,31/07/2020,,,,,,,,
PC087,Darting,Karen,WA,Northampton,-28.4971339,115.0646647,31/07/2020,,,,,,,,
PC088,Darting,Troy,WA,Northampton,-28.4481917,114.5517486,22/01/2021,,,,,,,,
PC089,Darting,Trev,WA,Northampton,-28.4481917,114.5517486,22/01/2021,,,,,,,,
PC090,Darting,Tracy,WA,Northampton,-28.4481917,114.5517486,22/01/2021,,,,,,,,
PC091,Darting,Taylor,WA,Northampton,-28.4481917,114.5517486,22/01/2021,,,,,,,,
PC092,Darting,Tizzy,WA,Northampton,-28.4481917,114.5517486,22/01/2021,,,,,,,,
PC093,Darting,Billy,WA,Northampton,-28.4829931,114.54996,27/02/2021,,,,,,,,
PC094,Darting,Bonny,WA,Northampton,-28.4829931,114.54996,27/02/2021,,,,,,,,
PC095,Darting,Wilson,WA,Northampton,-28.095041,114.5103192,1/05/2021,,,,,,,,
PC096,Darting,Wendy,WA,Northampton,-28.095041,114.5103192,1/05/2021,,,,,,,,
PC097,Darting,Wanda,WA,Northampton,-28.095041,114.5103192,1/05/2021,,,,,,,,
PC098,Darting,Whitney,WA,Northampton,-28.095041,114.5103192,1/05/2021,,,,,,,,
PC099,Darting,Tonya,WA,Northampton,-28.4554043,114.5704013,2/05/2021,,,,,,,,
PC100,Darting,Teaks,WA,Northampton,-28.4554043,114.5704013,2/05/2021,,,,,,,,
PC101,Darting,Tilly,WA,Northampton,-28.4554043,114.5704013,2/05/2021,,,,,,,,
PC102,Darting,Monster,WA,Northampton,-28.4631549,114.5659458,4/05/2021,,,,,,,,
PC103,Darting,Mad Max,WA,Northampton,-28.4631549,114.5659458,4/05/2021,,,,,,,,
PC104,Darting,Magic Mike,WA,Northampton,-28.4631549,114.5659458,4/05/2021,,,,,,,,
PC105,Darting,Muzz,WA,Northampton,-28.4631549,114.5659458,5/05/2021,,,,,,,,
PC106,Darting,Magna,WA,Northampton,-28.4631549,114.5659458,5/05/2021,,,,,,,,
PC107,Darting,Moony,WA,Northampton,-28.4631549,114.5659458,14/10/2021,,,,,,,,
PC108,Darting,Mud,WA,Northampton,-28.4631549,114.5659458,14/10/2021,,,,,,,,
PC109,Darting,McCartney,WA,Northampton,-28.4631549,114.5659458,14/10/2021,,,,,,,,
PC110,Darting,Cheech,WA,Northampton,-28.073295,114.5892294,2/02/2023,,,,,,,,
PC111,Darting,Chong,WA,Northampton,-28.073295,114.5892294,2/02/2023,,,,,,,,
PC112,Darting,Tim,WA,Northampton,-28.0936703,114.5058308,2/02/2023,,,,,,,,
PC113,Darting,Ted,WA,Northampton,-28.0936703,114.5058308,2/02/2023,,,,,,,,
PC114,Darting,Tara,WA,Northampton,-28.0936703,114.5058308,2/02/2023,,,,,,,,
PC115,Darting,Yada,WA,Northampton,-28.187176,114.527929,20/03/2023,,,,,,,,
PC116,Darting,Jo,WA,Toodyay,-31.517604,116.417013,24/05/2023,,,,,,,,
PC117,Darting,Moondyne,WA,Toodyay,-31.517604,116.417013,24/05/2023,,,,,,,,
PC124,Darting,Charming,WA,Gascoyne,-25.031003,117.451594,24/08/2018,,,,,,,,
PC125,Darting,Clouty,WA,Gascoyne,-25.02349722,117.4656778,27/07/2018,,,,,,,,
PC126,Darting,Cornish Pasty,WA,Gascoyne,-25.02349722,117.4656778,28/06/2018,,,,,,,,
PC127,Darting,Croissont,WA,Gascoyne,-25.02349722,117.4656778,26/04/2018,,,,,,,,
