id,method,date_time,restraint_time,release_time,standing_time,latent_min,induction_min,handling_min,recovery_min,Sex,Drug(s),Dose: Zoletil (mL),Dose: Xylazine (mL),Dose: yohimbine (mg),Dose:atipamezole (mg)
JH05,Darting,11/01/2014 0:00,NA,NA,NA,NA,4,36,NA,NA,Zoletil/Xylazine,NA,NA,NA,NA
JH04,Darting,9/01/2014 0:00,NA,NA,NA,NA,7,53,NA,NA,Zoletil/Xylazine,NA,NA,NA,NA
JH02,Darting,8/01/2014 0:00,NA,NA,NA,NA,7,13,NA,NA,Zoletil/Xylazine,NA,NA,NA,NA
JH03,Darting,8/01/2014 0:00,NA,NA,NA,NA,5,45,NA,NA,Zoletil/Xylazine,NA,NA,NA,NA
JH01,Darting,3/04/2012 0:00,NA,NA,NA,NA,4,56,NA,NA,Zoletil/Xylazine,NA,NA,NA,NA
PC001,Darting,19/11/2014 0:00,NA,NA,NA,NA,42,30,300,F,Zoletil/Xylazine,240,120,3,NA
PC002,Darting,26/11/2014 0:00,NA,NA,NA,NA,7,43,36,F,Zoletil/Xylazine,160,80,2,NA
PC005,Darting,13/12/2014 0:00,NA,NA,NA,NA,3,53,23,M,Zoletil/Xylazine,200,100,3.5,NA
PC007,Darting,9/04/2015 0:00,NA,NA,NA,NA,20,37,74,M,Zoletil/Xylazine,400,200,10,NA
PC008,Darting,23/04/2015 0:00,NA,NA,NA,NA,7,46,15,F,Zoletil/Xylazine,100,100,4.5,NA
PC009,Darting,23/04/2015 0:00,NA,NA,NA,NA,8,45,8,F,Zoletil/Xylazine,90,90,4.5,NA
PC010,Darting,24/04/2015 0:00,NA,NA,NA,NA,10,42,1,M,Zoletil/Xylazine,220,220,10,NA
PC011,Darting,24/04/2015 0:00,NA,NA,NA,NA,3,NA,NA,M,Zoletil/Xylazine,45,45,NA,NA
PC012,Darting,24/04/2015 0:00,NA,NA,NA,NA,3,NA,NA,F,Zoletil/Xylazine,45,45,NA,NA
PC013,Darting,6/05/2015 0:00,NA,NA,NA,NA,4,31,21,F,Zoletil/Xylazine,80,80,4,NA
PC014,Darting,28/05/2015 0:00,NA,NA,NA,NA,3,NA,NA,F,Zoletil/Xylazine,140,140,NA,NA
PC015,Darting,28/05/2015 0:00,NA,NA,NA,NA,2,NA,NA,M,Zoletil/Xylazine,80,80,NA,NA
PC016,Darting,29/05/2015 0:00,NA,NA,NA,NA,10,NA,NA,M,Zoletil/Xylazine,120,120,NA,NA
PC017,Darting,3/06/2015 0:00,NA,NA,NA,NA,3,29,14,F,Zoletil/Xylazine,90,90,4.5,NA
PC018,Darting,28/12/2015 0:00,NA,NA,NA,NA,4,NA,NA,M,Zoletil/Xylazine,100,100,NA,NA
PC019,Darting,28/12/2015 0:00,NA,NA,NA,NA,7,NA,NA,F,Zoletil/Xylazine,70,70,NA,NA
PC020,Darting,28/12/2015 0:00,NA,NA,NA,NA,10,NA,NA,M,Zoletil/Xylazine,60,60,NA,NA
PC021,Darting,28/12/2015 0:00,NA,NA,NA,NA,28,NA,NA,F,Zoletil/Xylazine,100,100,NA,NA
PC022,Darting,31/12/2015 0:00,NA,NA,NA,NA,1,58,2,M,Zoletil/Xylazine,240,240,6,NA
PC023,Darting,5/02/2016 0:00,NA,NA,NA,NA,10,45,63,M,Zoletil/Xylazine,180,180,9,NA
PC024,Darting,5/02/2016 0:00,NA,NA,NA,NA,8,41,3,F,Zoletil/Xylazine,70,70,3.5,NA
PC025,Darting,10/02/2016 0:00,NA,NA,NA,NA,3,18,7,F,Zoletil/Xylazine,70,70,3.5,NA
PC026,Darting,10/02/2016 0:00,NA,NA,NA,NA,4,37,18,M,Zoletil/Xylazine,120,120,6,NA
PC027,Darting,26/02/2016 0:00,NA,NA,NA,NA,3,37,4,F,Zoletil/Xylazine,70,70,3.5,NA
PC028,Darting,26/02/2016 0:00,NA,NA,NA,NA,2,39,NA,F,Zoletil/Xylazine,60,60,3,NA
PC029,Darting,24/03/2016 0:00,NA,NA,NA,NA,4,30,31,M,Zoletil/Xylazine,180,180,9,NA
PC030,Darting,30/03/2016 0:00,NA,NA,NA,NA,4,33,32,M,Zoletil/Xylazine,190,190,10,NA
PC031,Darting,28/07/2016 0:00,NA,NA,NA,NA,3,32,14,F,Zoletil/Xylazine,80,80,4,NA
PC032,Darting,3/08/2016 0:00,NA,NA,NA,NA,22,42,4,F,Zoletil/Xylazine,120,120,6,NA
PC033,Darting,3/08/2016 0:00,NA,NA,NA,NA,7,16,0,F,Zoletil/Xylazine,65,65,3.25,NA
PC034,Darting,3/08/2016 0:00,NA,NA,NA,NA,20,40,NA,F,Zoletil/Xylazine,120,120,4,NA
PC035,Darting,3/08/2016 0:00,NA,NA,NA,NA,10,NA,NA,F,Zoletil/Xylazine,80,80,NA,NA
PC036,Darting,3/08/2016 0:00,NA,NA,NA,NA,11,NA,NA,F,Zoletil/Xylazine,80,80,NA,NA
PC037,Darting,1/12/2016 0:00,NA,NA,NA,NA,2,38,6,M,Zoletil/Xylazine,240,240,12,NA
PC038,Darting,8/12/2016 0:00,NA,NA,NA,NA,3,49,NA,F,Zoletil/Xylazine,140,140,7,NA
PC039,Darting,20/12/2016 0:00,NA,NA,NA,NA,3,41,5,F,Zoletil/Xylazine,140,140,7,NA
PC040,Darting,20/12/2016 0:00,NA,NA,NA,NA,7,51,17,F,Zoletil/Xylazine,210,210,10,NA
PC041,Darting,20/12/2016 0:00,NA,NA,NA,NA,5,34,0,F,Zoletil/Xylazine,100,100,5,NA
PC042,Darting,20/12/2016 0:00,NA,NA,NA,NA,5,40,7,F,Zoletil/Xylazine,130,130,6.5,NA
PC043,Darting,2/03/2017 0:00,NA,NA,NA,NA,2,NA,NA,M,Zoletil/Xylazine,160,160,NA,NA
PC044,Darting,12/05/2017 0:00,NA,NA,NA,NA,4,40,16,F,Zoletil/Xylazine,120,120,6,NA
PC045,Darting,12/05/2017 0:00,NA,NA,NA,NA,3,NA,NA,F,Zoletil/Xylazine,120,120,NA,NA
PC046,Darting,13/10/2017 0:00,NA,NA,NA,NA,5,38,10,M,Zoletil/Xylazine,140,140,10,NA
PC047,Darting,18/10/2017 0:00,NA,NA,NA,NA,2,39,87,F,Zoletil/Xylazine,100,100,7.5,NA
PC048,Darting,18/10/2017 0:00,NA,NA,NA,NA,3,43,22,M,Zoletil/Xylazine,150,150,NA,11.25
PC049,Darting,18/10/2017 0:00,NA,NA,NA,NA,4,37,23,F,Zoletil/Xylazine,60,60,NA,4.5
PC050,Darting,21/11/2017 0:00,NA,NA,NA,NA,4,NA,NA,F,Zoletil/Xylazine,100,100,NA,NA
PC051,Darting,21/11/2017 0:00,NA,NA,NA,NA,4,79,12,M,Zoletil/Xylazine,210,210,NA,8
PC052,Darting,22/11/2017 0:00,NA,NA,NA,NA,6,NA,NA,M,Zoletil/Xylazine,120,120,NA,NA
PC053,Darting,22/11/2017 0:00,NA,NA,NA,NA,5,35,15,F,Zoletil/Xylazine,150,150,NA,11
PC054,Darting,22/11/2017 0:00,NA,NA,NA,NA,5,35,41,M,Zoletil/Xylazine,140,140,NA,10.5
PC055,Darting,22/11/2017 0:00,NA,NA,NA,NA,4,33,19,M,Zoletil/Xylazine,140,140,NA,10.5
PC056,Darting,26/04/2018 0:00,NA,NA,NA,NA,2,57,19,F,Zoletil/Xylazine,80,80,NA,6
PC057,Darting,26/04/2018 0:00,NA,NA,NA,NA,2,52,5,F,Zoletil/Xylazine,80,80,NA,6
PC058,Darting,27/04/2018 0:00,NA,NA,NA,NA,3,77,14,F,Zoletil/Xylazine,90,90,NA,3.5
PC063,Darting,10/12/2019 0:00,NA,NA,NA,NA,5,41,NA,M,Zoletil/Xylazine,90,90,NA,6.75
PC064,Darting,10/12/2019 0:00,NA,NA,NA,NA,5,41,NA,M,Zoletil/Xylazine,90,90,NA,6.25
PC065,Darting,11/12/2019 0:00,NA,NA,NA,NA,4,46,32,F,Zoletil/Xylazine,110,110,NA,8.25
PC066,Darting,11/12/2019 0:00,NA,NA,NA,NA,7,43,16,M,Zoletil/Xylazine,170,170,NA,8.25
PC067,Darting,12/12/2019 0:00,NA,NA,NA,NA,4,30,1,F,Zoletil/Xylazine,100,100,NA,7.5
PC068,Darting,12/12/2019 0:00,NA,NA,NA,NA,3,35,9,M,Zoletil/Xylazine,240,240,NA,9
PC069,Darting,12/12/2019 0:00,NA,NA,NA,NA,21,28,8,F,Zoletil/Xylazine,150,150,NA,7.5
PC070,Darting,14/12/2019 0:00,NA,NA,NA,NA,4,57,8,M,Zoletil/Xylazine,150,150,NA,9
PC071,Darting,14/12/2019 0:00,NA,NA,NA,NA,5,36,21,F,Zoletil/Xylazine,120,120,NA,9
PC072,Darting,11/02/2020 0:00,NA,NA,NA,NA,8,46,15,M,Zoletil/Xylazine,260,260,NA,18
PC073,Darting,11/02/2020 0:00,NA,NA,NA,NA,3,57,4,M,Zoletil/Xylazine,360,360,NA,18
PC074,Darting,14/02/2020 0:00,NA,NA,NA,NA,6,35,10,F,Zoletil/Xylazine,300,300,NA,12
PC075,Darting,14/02/2020 0:00,NA,NA,NA,NA,4,39,44,F,Zoletil/Xylazine,140,140,NA,10.5
PC076,Darting,24/06/2020 0:00,NA,NA,NA,NA,3,40,20,F,Zoletil/Xylazine,100,100,NA,7.5
PC077,Darting,24/06/2020 0:00,NA,NA,NA,NA,6,36,13,M,Zoletil/Xylazine,140,140,NA,10
PC078,Darting,26/06/2020 0:00,NA,NA,NA,NA,4,41,29,M,Zoletil/Xylazine,120,120,NA,9
PC079,Darting,28/06/2020 0:00,NA,NA,NA,NA,5,NA,NA,M,Zoletil/Xylazine,130,130,NA,NA
PC080,Darting,28/06/2020 0:00,NA,NA,NA,NA,3,37,NA,F,Zoletil/Xylazine,90,90,NA,6.5
PC081,Darting,31/07/2020 0:00,NA,NA,NA,NA,4,39,0,M,Zoletil/Xylazine,180,180,NA,11.25
PC082,Darting,31/07/2020 0:00,NA,NA,NA,NA,3,NA,NA,M,Zoletil/Xylazine,150,150,NA,6.25
PC083,Darting,31/07/2020 0:00,NA,NA,NA,NA,4,NA,NA,M,Zoletil/Xylazine,150,150,NA,NA
PC084,Darting,31/07/2020 0:00,NA,NA,NA,NA,2,25,20,M,Zoletil/Xylazine,160,160,NA,12
PC085,Darting,31/07/2020 0:00,NA,NA,NA,NA,2,24,37,M,Zoletil/Xylazine,160,160,NA,12
PC086,Darting,31/07/2020 0:00,NA,NA,NA,NA,6,37,17,F,Zoletil/Xylazine,140,140,NA,10.5
PC087,Darting,31/07/2020 0:00,NA,NA,NA,NA,11,10,58,F,Zoletil/Xylazine,140,140,NA,9
PC088,Darting,22/01/2021 0:00,NA,NA,NA,NA,7,57,12,M,Zoletil/Xylazine,280,280,NA,17
PC089,Darting,22/01/2021 0:00,NA,NA,NA,NA,6,29,11,M,Zoletil/Xylazine,140,140,NA,10.5
PC090,Darting,22/01/2021 0:00,NA,NA,NA,NA,5,34,12,F,Zoletil/Xylazine,120,120,NA,9
PC091,Darting,22/01/2021 0:00,NA,NA,NA,NA,4,26,44,F,Zoletil/Xylazine,120,120,NA,9
PC092,Darting,22/01/2021 0:00,NA,NA,NA,NA,3,48,22,F,Zoletil/Xylazine,110,110,NA,8
PC093,Darting,27/02/2021 0:00,NA,NA,NA,NA,8,53,4,M,Zoletil/Xylazine,180,180,NA,13.5
PC094,Darting,27/02/2021 0:00,NA,NA,NA,NA,8,38,11,F,Zoletil/Xylazine,120,120,NA,9
PC095,Darting,1/05/2021 0:00,NA,NA,NA,NA,5,16,1,M,Zoletil/Xylazine,160,160,NA,NA
PC096,Darting,1/05/2021 0:00,NA,NA,NA,NA,3,23,15,F,Zoletil/Xylazine,160,160,NA,NA
PC097,Darting,1/05/2021 0:00,NA,NA,NA,NA,NA,NA,NA,F,Zoletil/Xylazine,160,160,NA,NA
PC098,Darting,1/05/2021 0:00,NA,NA,NA,NA,NA,NA,NA,F,Zoletil/Xylazine,160,160,NA,NA
PC099,Darting,2/05/2021 0:00,NA,NA,NA,NA,10,28,13,F,Zoletil/Xylazine,150,150,NA,NA
PC100,Darting,2/05/2021 0:00,NA,NA,NA,NA,7,36,2,F,Zoletil/Xylazine,150,150,NA,NA
PC101,Darting,2/05/2021 0:00,NA,NA,NA,NA,NA,88,4,F,Zoletil/Xylazine,150,150,NA,11.25
PC102,Darting,4/05/2021 0:00,NA,NA,NA,NA,5,30,12,M,Zoletil/Xylazine,240,240,NA,18
PC103,Darting,4/05/2021 0:00,NA,NA,NA,NA,3,30,10,M,Zoletil/Xylazine,200,200,NA,15
PC104,Darting,4/05/2021 0:00,NA,NA,NA,NA,4,34,15,M,Zoletil/Xylazine,200,200,NA,15
PC105,Darting,5/05/2021 0:00,NA,NA,NA,NA,4,27,32,M,Zoletil/Xylazine,200,200,NA,15
PC106,Darting,5/05/2021 0:00,NA,NA,NA,NA,4,27,11,F,Zoletil/Xylazine,240,240,NA,18
PC107,Darting,14/10/2021 0:00,NA,NA,NA,NA,5,47,NA,M,Zoletil/Xylazine,160,160,NA,NA
PC108,Darting,14/10/2021 0:00,NA,NA,NA,NA,3,58,4,M,Zoletil/Xylazine,160,160,NA,12
PC109,Darting,14/10/2021 0:00,NA,NA,NA,NA,12,24,2,M,Zoletil/Xylazine,160,160,NA,12
PC110,Darting,2/02/2023 0:00,NA,NA,NA,NA,53,31,19,M,Zoletil/Xylazine,340,340,NA,25.5
PC111,Darting,2/02/2023 0:00,NA,NA,NA,NA,51,20,19,F,Zoletil/Xylazine,340,340,NA,25.5
PC112,Darting,2/02/2023 0:00,NA,NA,NA,NA,10,35,13,M,Zoletil/Xylazine,140,140,NA,10.5
PC113,Darting,2/02/2023 0:00,NA,NA,NA,NA,10,35,20,M,Zoletil/Xylazine,140,140,NA,10.5
PC114,Darting,2/02/2023 0:00,NA,NA,NA,NA,8,23,25,F,Zoletil/Xylazine,140,140,NA,10.5
PC115,Darting,20/03/2023 0:00,NA,NA,NA,NA,35,21,38,M,Zoletil/Xylazine,290,290,NA,4.2
PC116,Darting,24/05/2023 0:00,NA,NA,NA,NA,3,50,2,F,Zoletil/Xylazine,150,150,NA,11.25
PC117,Darting,24/05/2023 0:00,NA,NA,NA,NA,6,42,4,M,Zoletil/Xylazine,150,150,NA,11.25
PC124,Darting,24/08/2018 0:00,NA,NA,NA,NA,2,40,65,F,Zoletil/Xylazine,100,100,NA,7.5
PC125,Darting,27/07/2018 0:00,NA,NA,NA,NA,2,66,3,M,Zoletil/Xylazine,100,100,NA,7.5
PC126,Darting,28/06/2018 0:00,NA,NA,NA,NA,2,103,8,F,Zoletil/Xylazine,120,120,NA,9
PC127,Darting,26/04/2018 0:00,NA,NA,NA,NA,2,62,NA,F,Zoletil/Xylazine,100,100,NA,7.5
AB35,Manual,19/10/2021 7:55,19/10/2021 8:07,19/10/2021 8:10,19/10/2021 8:10,12.25,NA,3.12,NA,f,NA,NA,NA,NA,NA
AB31,Manual,20/09/2023 8:05,20/09/2023 8:14,20/09/2023 8:16,20/09/2023 8:16,9.75,NA,1.67,NA,m,NA,NA,NA,NA,NA
AB52,Manual,19/12/2022 7:50,19/12/2022 8:02,19/12/2022 8:08,19/12/2022 8:08,12.87,NA,5.73,NA,m,NA,NA,NA,NA,NA
AB44,Manual,19/09/2023 8:37,19/09/2023 8:47,19/09/2023 8:49,19/09/2023 8:49,10.23,NA,2.17,NA,m,NA,NA,NA,NA,NA
SC10,Manual,13/02/2025 6:54,13/02/2025 7:37,13/02/2025 7:52,13/02/2025 7:52,43,NA,15.32,NA,f,NA,NA,NA,NA,NA
AB33,Manual,21/10/2021 8:45,21/10/2021 8:52,21/10/2021 8:56,21/10/2021 8:56,7.33,NA,3.78,NA,m,NA,NA,NA,NA,NA
AB65,Manual,16/03/2021 12:25,16/03/2021 12:26,16/03/2021 12:32,16/03/2021 12:32,1.63,NA,5.72,NA,f,NA,NA,NA,NA,NA
AB36,Manual,20/10/2021 8:10,20/10/2021 8:15,20/10/2021 8:18,20/10/2021 8:18,5.48,NA,3.15,NA,f,NA,NA,NA,NA,NA
AB20,Manual,30/11/2022 6:56,30/11/2022 7:26,30/11/2022 7:30,30/11/2022 7:30,30.3,NA,3.9,NA,m,NA,NA,NA,NA,NA
AB57,Manual,18/03/2021 8:18,18/03/2021 8:18,18/03/2021 8:26,18/03/2021 8:26,0.83,NA,7.25,NA,f,NA,NA,NA,NA,NA
AB03,Manual,20/09/2023 6:15,20/09/2023 6:20,20/09/2023 6:21,20/09/2023 6:21,5.75,NA,0.47,NA,m,NA,NA,NA,NA,NA
AB74,Manual,19/10/2021 7:55,19/10/2021 8:25,19/10/2021 8:27,19/10/2021 8:27,30,NA,2,NA,m,NA,NA,NA,NA,NA
AB66,Manual,16/03/2021 10:58,16/03/2021 11:01,16/03/2021 11:32,16/03/2021 11:32,3.43,NA,31.27,NA,f,NA,NA,NA,NA,NA
AB68,Manual,18/03/2021 8:18,18/03/2021 8:20,18/03/2021 8:35,18/03/2021 8:35,2.25,NA,15,NA,f,NA,NA,NA,NA,NA
AB23,Manual,17/03/2021 10:26,17/03/2021 10:28,17/03/2021 10:32,17/03/2021 10:32,2.07,NA,4.7,NA,f,NA,NA,NA,NA,NA
AB75,Manual,17/03/2021 7:45,17/03/2021 7:46,17/03/2021 8:00,17/03/2021 8:00,1.75,NA,14.13,NA,m,NA,NA,NA,NA,NA
AB32,Manual,19/12/2022 6:10,19/12/2022 6:26,19/12/2022 6:28,19/12/2022 6:28,16.2,NA,2.75,NA,f,NA,NA,NA,NA,NA
AB17,Manual,30/11/2022 6:56,30/11/2022 7:08,30/11/2022 7:12,30/11/2022 7:12,12.77,NA,4.18,NA,m,NA,NA,NA,NA,NA
AB05,Manual,2/12/2022 6:12,NA,2/12/2022 6:20,2/12/2022 6:20,NA,NA,NA,NA,m,NA,NA,NA,NA,NA
AB60,Manual,16/03/2021 10:10,16/03/2021 10:14,16/03/2021 10:26,16/03/2021 10:26,4,NA,12,NA,f,NA,NA,NA,NA,NA
AB61,Manual,21/10/2021 9:20,21/10/2021 9:33,21/10/2021 9:37,21/10/2021 9:37,13.75,NA,4.08,NA,f,NA,NA,NA,NA,NA
AB64,Manual,17/03/2021 7:45,17/03/2021 7:45,17/03/2021 7:53,17/03/2021 7:53,0.93,NA,7.62,NA,f,NA,NA,NA,NA,NA
AB76,Manual,17/03/2021 10:26,17/03/2021 10:29,17/03/2021 10:40,17/03/2021 10:40,3.07,NA,10.93,NA,m,NA,NA,NA,NA,NA
AB49,Manual,17/03/2021 9:45,17/03/2021 9:46,17/03/2021 9:55,17/03/2021 9:55,1.43,NA,9.23,NA,f,NA,NA,NA,NA,NA
AB69,Manual,16/03/2021 12:25,NA,NA,NA,NA,NA,NA,NA,f,NA,NA,NA,NA,NA
AB72,Manual,16/03/2021 10:58,16/03/2021 11:05,16/03/2021 11:26,16/03/2021 11:26,7.5,NA,20.93,NA,m,NA,NA,NA,NA,NA
AB16,Manual,16/03/2021 8:23,16/03/2021 8:29,16/03/2021 8:56,16/03/2021 8:56,6.75,NA,26.62,NA,m,NA,NA,NA,NA,NA
AB15,Manual,30/11/2022 6:15,30/11/2022 6:29,30/11/2022 6:31,30/11/2022 6:31,14.17,NA,2.23,NA,m,NA,NA,NA,NA,NA
AB10,Manual,30/11/2022 6:56,30/11/2022 7:04,30/11/2022 7:07,30/11/2022 7:07,8.78,NA,2.47,NA,m,NA,NA,NA,NA,NA
AB70,Manual,20/10/2021 8:25,20/10/2021 8:41,20/10/2021 8:44,20/10/2021 8:44,16.58,NA,3.13,NA,m,NA,NA,NA,NA,NA
AB37,Manual,19/03/2021 7:10,19/03/2021 7:12,19/03/2021 7:17,19/03/2021 7:17,2.2,NA,5.42,NA,f,NA,NA,NA,NA,NA
AB02,Manual,1/12/2022 7:02,1/12/2022 7:17,1/12/2022 7:21,1/12/2022 7:21,15.8,NA,4.03,NA,f,NA,NA,NA,NA,NA
AB27,Manual,19/03/2021 7:45,19/03/2021 7:45,19/03/2021 7:49,19/03/2021 7:49,0.58,NA,4.02,NA,f,NA,NA,NA,NA,NA
AB62,Manual,17/03/2021 9:45,17/03/2021 9:49,17/03/2021 10:04,17/03/2021 10:04,4.32,NA,15.07,NA,f,NA,NA,NA,NA,NA
AB71,Manual,16/03/2021 12:25,16/03/2021 12:29,16/03/2021 12:37,16/03/2021 12:37,4.27,NA,7.93,NA,f,NA,NA,NA,NA,NA
AB43,Manual,17/03/2021 9:45,17/03/2021 9:46,17/03/2021 9:51,17/03/2021 9:51,1,NA,5,NA,f,NA,NA,NA,NA,NA
AB73,Manual,19/10/2021 7:55,19/10/2021 8:11,19/10/2021 8:15,19/10/2021 8:15,16.5,NA,3.5,NA,m,NA,NA,NA,NA,NA
AB51,Manual,21/10/2021 7:52,21/10/2021 8:02,21/10/2021 8:14,21/10/2021 8:14,10.2,NA,12.5,NA,m,NA,NA,NA,NA,NA
AB01,Manual,20/09/2023 6:30,20/09/2023 6:45,20/09/2023 6:48,20/09/2023 6:48,15.62,NA,2.4,NA,m,NA,NA,NA,NA,NA
AB04,Manual,2/12/2022 7:14,2/12/2022 7:21,2/12/2022 7:24,2/12/2022 7:24,7.42,NA,3.33,NA,f,NA,NA,NA,NA,NA
AB06,Manual,21/09/2023 0:00,28/09/2023 6:00,NA,NA,NA,NA,NA,NA,m,NA,NA,NA,NA,NA
AB07,Manual,21/09/2023 7:10,NA,NA,NA,NA,NA,NA,NA,m,NA,NA,NA,NA,NA
AB08,Manual,21/09/2023 6:10,21/09/2023 6:23,21/09/2023 6:31,21/09/2023 6:31,13.42,NA,8.43,NA,f,NA,NA,NA,NA,NA
AB09,Manual,19/09/2023 6:55,19/09/2023 7:14,19/09/2023 7:18,19/09/2023 7:18,19,NA,4.32,NA,m,NA,NA,NA,NA,NA
AB11,Manual,1/12/2022 7:02,1/12/2022 7:10,1/12/2022 7:14,1/12/2022 7:14,8.2,NA,4.57,NA,f,NA,NA,NA,NA,NA
AB12,Manual,30/11/2022 6:56,30/11/2022 7:07,30/11/2022 7:11,30/11/2022 7:11,11.43,NA,3.97,NA,m,NA,NA,NA,NA,NA
AB13,Manual,20/09/2023 7:40,20/09/2023 7:54,20/09/2023 7:59,20/09/2023 7:59,14.33,NA,4.72,NA,m,NA,NA,NA,NA,NA
AB14,Manual,21/09/2023 8:38,21/09/2023 8:51,21/09/2023 8:57,21/09/2023 8:57,13.43,NA,5.62,NA,m,NA,NA,NA,NA,NA
AB18,Manual,19/09/2023 7:35,19/09/2023 7:53,19/09/2023 7:55,19/09/2023 7:55,18.5,NA,1.97,NA,f,NA,NA,NA,NA,NA
AB19,Manual,20/10/2021 8:25,20/10/2021 8:32,20/10/2021 8:36,20/10/2021 8:36,7.12,NA,4.17,NA,m,NA,NA,NA,NA,NA
AB21,Manual,19/09/2023 9:22,19/09/2023 9:26,19/09/2023 9:29,19/09/2023 9:29,4.75,NA,2.3,NA,m,NA,NA,NA,NA,NA
AB22,Manual,19/10/2021 7:55,19/10/2021 8:00,19/10/2021 8:06,19/10/2021 8:06,5.33,NA,6.33,NA,f,NA,NA,NA,NA,NA
AB24,Manual,19/09/2023 6:15,19/09/2023 6:31,19/09/2023 6:35,19/09/2023 6:35,16.3,NA,4,NA,m,NA,NA,NA,NA,NA
AB25,Manual,21/09/2023 7:00,21/09/2023 7:12,21/09/2023 7:13,21/09/2023 7:13,12.25,NA,1.5,NA,m,NA,NA,NA,NA,NA
AB26,Manual,20/09/2023 6:50,20/09/2023 6:58,20/09/2023 7:00,20/09/2023 7:00,8.5,NA,1.75,NA,m,NA,NA,NA,NA,NA
AB28,Manual,19/12/2022 6:10,19/12/2022 6:34,19/12/2022 6:38,19/12/2022 6:38,24.95,NA,3.25,NA,f,NA,NA,NA,NA,NA
AB29,Manual,21/09/2023 6:15,21/09/2023 6:22,21/09/2023 6:26,21/09/2023 6:26,7.75,NA,3.33,NA,f,NA,NA,NA,NA,NA
AB30,Manual,21/09/2023 7:48,21/09/2023 8:07,21/09/2023 8:11,21/09/2023 8:11,19.92,NA,3.17,NA,m,NA,NA,NA,NA,NA
AB34,Manual,19/09/2023 7:12,NA,NA,NA,NA,NA,NA,NA,m,NA,NA,NA,NA,NA
AB38,Manual,30/11/2022 6:56,30/11/2022 7:18,30/11/2022 7:24,30/11/2022 7:24,22.63,NA,5.88,NA,m,NA,NA,NA,NA,NA
AB39,Manual,18/03/2021 7:40,18/03/2021 7:42,18/03/2021 7:49,18/03/2021 7:49,2.33,NA,7.35,NA,f,NA,NA,NA,NA,NA
AB40,Manual,19/09/2023 7:35,19/09/2023 7:58,19/09/2023 8:01,19/09/2023 8:01,23,NA,3.12,NA,m,NA,NA,NA,NA,NA
AB41,Manual,20/09/2023 6:30,20/09/2023 6:38,20/09/2023 6:40,20/09/2023 6:40,8.25,NA,2.33,NA,m,NA,NA,NA,NA,NA
AB42,Manual,20/09/2023 9:20,20/09/2023 9:24,20/09/2023 9:25,20/09/2023 9:25,4,NA,1.58,NA,m,NA,NA,NA,NA,NA
AB45,Manual,20/09/2023 10:00,20/09/2023 10:03,20/09/2023 10:07,20/09/2023 10:07,3.75,NA,3.5,NA,m,NA,NA,NA,NA,NA
AB46,Manual,19/09/2023 7:28,NA,NA,NA,NA,NA,NA,NA,m,NA,NA,NA,NA,NA
AB47,Manual,19/09/2023 8:37,19/09/2023 8:50,19/09/2023 8:53,19/09/2023 8:53,13.75,NA,3.12,NA,f,NA,NA,NA,NA,NA
AB48,Manual,16/03/2021 10:10,16/03/2021 10:16,16/03/2021 10:32,16/03/2021 10:32,6,NA,16.08,NA,f,NA,NA,NA,NA,NA
AB50,Manual,20/09/2023 8:42,20/09/2023 8:53,20/09/2023 8:56,20/09/2023 8:56,11.25,NA,3.08,NA,m,NA,NA,NA,NA,NA
AB53,Manual,20/09/2023 8:15,20/09/2023 8:28,20/09/2023 8:31,20/09/2023 8:31,13.25,NA,2.93,NA,m,NA,NA,NA,NA,NA
AB54,Manual,19/10/2021 7:55,19/10/2021 8:17,19/10/2021 8:21,19/10/2021 8:21,22.75,NA,3.42,NA,f,NA,NA,NA,NA,NA
AB55,Manual,20/09/2023 8:25,20/09/2023 8:44,20/09/2023 8:47,20/09/2023 8:47,19.03,NA,3.13,NA,m,NA,NA,NA,NA,NA
AB56,Manual,20/09/2023 9:00,20/09/2023 9:18,20/09/2023 9:22,20/09/2023 9:22,18.9,NA,3.6,NA,m,NA,NA,NA,NA,NA
AB58,Manual,19/09/2023 8:28,19/09/2023 8:47,19/09/2023 8:49,19/09/2023 8:49,19.13,NA,1.9,NA,f,NA,NA,NA,NA,NA
AB59,Manual,21/10/2021 8:45,21/10/2021 8:58,21/10/2021 9:02,21/10/2021 9:02,13.25,NA,4.05,NA,f,NA,NA,NA,NA,NA
AB63,Manual,19/12/2022 6:10,19/12/2022 6:42,19/12/2022 6:47,19/12/2022 6:47,32.25,NA,5.42,NA,m,NA,NA,NA,NA,NA
AB67,Manual,20/10/2021 8:25,20/10/2021 8:37,20/10/2021 8:39,20/10/2021 8:39,12.73,NA,1.98,NA,f,NA,NA,NA,NA,NA
AB77,Manual,21/09/2023 8:38,21/09/2023 8:38,21/09/2023 8:48,21/09/2023 8:48,0.13,NA,10.73,NA,m,NA,NA,NA,NA,NA
SC01,Manual,12/02/2025 6:35,12/02/2025 6:47,12/02/2025 6:54,12/02/2025 6:54,12.5,NA,6.97,NA,m,NA,NA,NA,NA,NA
SC02,Manual,12/02/2025 6:35,12/02/2025 6:55,12/02/2025 7:02,12/02/2025 7:02,20.08,NA,7.52,NA,f,NA,NA,NA,NA,NA
SC03,Manual,12/02/2025 6:35,12/02/2025 7:03,12/02/2025 7:07,12/02/2025 7:07,28.57,NA,4.1,NA,f,NA,NA,NA,NA,NA
SC04,Manual,12/02/2025 6:35,12/02/2025 7:09,12/02/2025 7:15,12/02/2025 7:15,34,NA,6.07,NA,m,NA,NA,NA,NA,NA
SC05,Manual,12/02/2025 7:22,12/02/2025 7:35,12/02/2025 7:38,12/02/2025 7:38,13.62,NA,2.98,NA,m,NA,NA,NA,NA,NA
SC06,Manual,11/02/2025 6:38,11/02/2025 6:52,11/02/2025 6:57,11/02/2025 6:57,14.52,NA,4.83,NA,f,NA,NA,NA,NA,NA
SC07,Manual,11/02/2025 6:38,11/02/2025 6:58,11/02/2025 7:06,11/02/2025 7:06,20.9,NA,7.3,NA,m,NA,NA,NA,NA,NA
SC08,Manual,13/02/2025 6:54,13/02/2025 7:11,13/02/2025 7:14,13/02/2025 7:14,17.12,NA,3.65,NA,m,NA,NA,NA,NA,NA
SC09,Manual,13/02/2025 6:54,13/02/2025 7:17,13/02/2025 7:34,13/02/2025 7:34,23.08,NA,17,NA,f,NA,NA,NA,NA,NA
SC11,Manual,13/02/2025 6:54,13/02/2025 7:57,13/02/2025 8:00,13/02/2025 8:00,63.67,NA,3.08,NA,m,NA,NA,NA,NA,NA
SC12,Manual,14/02/2025 6:34,14/02/2025 6:48,14/02/2025 6:52,14/02/2025 6:52,14.85,NA,3.35,NA,m,NA,NA,NA,NA,NA
SC13,Manual,14/02/2025 6:34,14/02/2025 7:01,14/02/2025 7:03,14/02/2025 7:03,27.03,NA,2.8,NA,f,NA,NA,NA,NA,NA
SC14,Manual,14/02/2025 6:34,14/02/2025 7:04,14/02/2025 7:08,14/02/2025 7:08,30.15,NA,3.85,NA,m,NA,NA,NA,NA,NA
DM26,Pole syringe,28/02/2023 7:23,28/02/2023 7:10,28/02/2023 7:31,28/02/2023 8:31,NA,3,21.13,59.97,f,Zoletil,2,NA,NA,NA
DM25,Pole syringe,27/02/2023 12:34,27/02/2023 12:13,27/02/2023 12:44,27/02/2023 13:49,NA,4,30.29,65.2,m,Zoletil,2,NA,NA,NA
DM24,Pole syringe,22/02/2023 10:16,22/02/2023 10:16,22/02/2023 10:35,22/02/2023 11:30,NA,4,18.23,55.02,m,Zoletil,2,NA,NA,NA
DM53,Pole syringe,20/02/2023 13:50,20/02/2023 13:50,20/02/2023 14:08,20/02/2023 15:12,NA,3,18.1,64.13,m,Zoletil,2.1,NA,NA,NA
DM52,Pole syringe,17/02/2023 7:44,17/02/2023 7:44,17/02/2023 8:08,17/02/2023 8:39,NA,3,24.1,31.18,f,Zoletil,2,NA,NA,NA
DM22,Pole syringe,14/02/2023 12:00,10/02/2023 8:52,10/02/2023 9:07,10/02/2023 11:15,NA,5,14.96,127.93,m,Zoletil,2.2,NA,NA,NA
DM51,Pole syringe,9/02/2023 6:45,9/02/2023 6:45,9/02/2023 7:10,9/02/2023 7:36,NA,4,25.3,26.01,m,Zoletil,2.2,NA,NA,NA
DM50,Pole syringe,8/02/2023 8:26,8/02/2023 8:26,8/02/2023 8:46,8/02/2023 9:19,NA,3,19.63,32.53,m,Zoletil,2,NA,NA,NA
DM21,Pole syringe,3/02/2023 8:35,3/02/2023 8:53,3/02/2023 8:53,3/02/2023 10:33,NA,3,0.03,99.5,f,Zoletil,2,NA,NA,NA
DM20,Pole syringe,2/02/2023 13:39,2/02/2023 13:38,2/02/2023 13:54,2/02/2023 13:55,NA,3,16.24,1.46,m,Zoletil,2,NA,NA,NA
DM19,Pole syringe,2/02/2023 8:44,2/02/2023 8:44,2/02/2023 8:59,2/02/2023 8:59,NA,4,15.18,0.4,f,Zoletil,1.9,NA,NA,NA
DM16,Pole syringe,25/01/2023 15:41,25/01/2023 15:41,25/01/2023 16:00,25/01/2023 17:20,NA,3,19.12,79.95,m,Zoletil,2,NA,NA,NA
DM11,Pole syringe,17/01/2023 15:37,17/01/2023 15:37,17/01/2023 15:58,17/01/2023 16:26,NA,3,20.46,28.02,m,Zoletil,2,NA,NA,NA
DM49,Pole syringe,18/12/2022 9:26,18/12/2022 9:26,18/12/2022 9:52,18/12/2022 10:52,NA,5,26.2,59.18,m,Zoletil,2,NA,NA,NA
DM48,Pole syringe,16/09/2022 10:58,16/09/2022 11:14,16/09/2022 11:58,16/09/2022 12:10,NA,7,43.98,12.05,m,Zoletil,2,NA,NA,NA
DM47,Pole syringe,11/09/2022 13:58,11/09/2022 13:59,11/09/2022 14:20,11/09/2022 14:20,NA,5,20.96,0.02,f,Zoletil,2,NA,NA,NA
DM44,Pole syringe,7/09/2022 9:55,7/09/2022 9:55,7/09/2022 10:20,7/09/2022 10:50,NA,4,25.27,30.2,m,Zoletil,2,NA,NA,NA
DM42,Pole syringe,6/09/2022 11:06,6/09/2022 11:06,6/09/2022 11:30,6/09/2022 12:07,NA,3,24.18,37.22,m,Zoletil,2.1,NA,NA,NA
DM38,Pole syringe,22/07/2022 13:03,22/07/2022 13:19,22/07/2022 13:29,22/07/2022 13:44,NA,5,9.95,15.27,m,Zoletil,2.4,NA,NA,NA
DM155,Pole syringe,29/06/2022 9:12,29/06/2022 9:12,29/06/2022 9:30,29/06/2022 10:12,NA,3,18.25,42.16,m,Zoletil,2,NA,NA,NA
DM154,Pole syringe,28/06/2022 12:41,28/06/2022 12:41,28/06/2022 12:55,28/06/2022 13:10,NA,4,13.5,15.28,m,Zoletil,1.8,NA,NA,NA
DM153,Pole syringe,28/06/2022 11:07,28/06/2022 11:07,28/06/2022 11:39,28/06/2022 12:12,NA,2,32.1,32.48,m,Zoletil,2,NA,NA,NA
DM152,Pole syringe,28/06/2022 11:04,28/06/2022 11:04,28/06/2022 11:42,28/06/2022 11:58,NA,5,38.16,16,f,Zoletil,2,NA,NA,NA
DM151,Pole syringe,28/06/2022 9:12,28/06/2022 9:12,28/06/2022 9:32,28/06/2022 10:02,NA,3,19.62,30.33,m,Zoletil,2,NA,NA,NA
DM150,Pole syringe,27/06/2022 16:44,27/06/2022 16:44,27/06/2022 17:00,27/06/2022 17:53,NA,3,16,53.22,m,Zoletil,2,NA,NA,NA
DM149,Pole syringe,27/06/2022 15:02,27/06/2022 15:02,27/06/2022 15:26,27/06/2022 16:16,NA,3,24.22,50.2,f,Zoletil,2,NA,NA,NA
DM79,Pole syringe,24/05/2022 13:42,24/05/2022 13:42,24/05/2022 13:57,24/05/2022 15:06,NA,3,15.13,69.38,m,Zoletil,2,NA,NA,NA
DM78,Pole syringe,18/05/2022 10:22,18/05/2022 10:22,18/05/2022 10:40,18/05/2022 11:30,NA,4,17.91,50.02,f,Zoletil,2.1,NA,NA,NA
DM148,Pole syringe,22/04/2022 8:13,22/04/2022 7:42,22/04/2022 8:29,22/04/2022 8:46,NA,5,47.9,16.77,f,Zoletil,2.3,NA,NA,NA
DM147,Pole syringe,22/04/2022 7:52,22/04/2022 7:52,22/04/2022 8:13,22/04/2022 8:36,NA,6,21.02,23.04,m,Zoletil,2.1,NA,NA,NA
DM146,Pole syringe,21/04/2022 10:41,21/04/2022 10:41,21/04/2022 11:00,21/04/2022 11:38,NA,4,18.97,38.47,m,Zoletil,2.1,NA,NA,NA
DM37,Pole syringe,3/04/2022 11:46,3/04/2022 11:46,3/04/2022 12:03,3/04/2022 12:57,NA,3,16.39,54.03,m,Zoletil,2,NA,NA,NA
DM41,Pole syringe,11/03/2022 9:34,11/03/2022 9:34,11/03/2022 9:56,11/03/2022 10:44,NA,4,22.17,47.28,f,Zoletil,2,NA,NA,NA
DM33,Pole syringe,3/03/2022 9:54,3/03/2022 9:54,3/03/2022 10:13,3/03/2022 11:07,NA,5,19.11,54.01,m,Zoletil,2,NA,NA,NA
DM145,Pole syringe,1/03/2022 8:27,1/03/2022 8:27,1/03/2022 8:55,1/03/2022 9:36,NA,3,27.77,40.66,f,Zoletil,2,NA,NA,NA
DM32,Pole syringe,28/02/2022 12:47,28/02/2022 12:47,28/02/2022 13:00,28/02/2022 14:13,NA,1,13.22,73.03,m,Zoletil,2,NA,NA,NA
DM29,Pole syringe,23/02/2022 8:10,23/02/2022 8:10,23/02/2022 8:31,23/02/2022 8:58,NA,4,21.89,26.44,m,Zoletil,2,NA,NA,NA
DM77,Pole syringe,5/02/2022 8:38,5/02/2022 8:38,5/02/2022 9:09,5/02/2022 9:10,NA,12,31.56,0.4,m,Zoletil,2,NA,NA,NA
DM76,Pole syringe,4/02/2022 17:20,4/02/2022 17:20,4/02/2022 17:39,4/02/2022 18:07,NA,4,18.95,28.04,f,Zoletil,2.1,NA,NA,NA
DM75,Pole syringe,4/02/2022 16:38,4/02/2022 16:38,4/02/2022 17:00,4/02/2022 18:33,NA,8,22.13,92.78,m,Zoletil,2,NA,NA,NA
DM144,Pole syringe,4/02/2022 11:56,4/02/2022 11:56,4/02/2022 12:37,4/02/2022 13:47,NA,3,40.15,70.07,m,Zoletil,2,NA,NA,NA
DM143,Pole syringe,4/02/2022 11:55,4/02/2022 11:55,4/02/2022 12:30,4/02/2022 13:57,NA,2,35.11,87.34,f,Zoletil,2,NA,NA,NA
DM142,Pole syringe,21/12/2021 11:28,21/12/2021 11:11,21/12/2021 11:48,21/12/2021 12:12,NA,6,36.17,24.48,f,Zoletil,2,NA,NA,NA
DM141,Pole syringe,16/12/2021 11:36,16/12/2021 11:36,16/12/2021 12:00,16/12/2021 13:08,NA,4,24.11,67.99,f,Zoletil,2,NA,NA,NA
DM140,Pole syringe,16/12/2021 9:52,16/12/2021 9:52,16/12/2021 10:12,16/12/2021 10:37,NA,3,19.95,24.69,m,Zoletil,2,NA,NA,NA
DM139,Pole syringe,15/12/2021 9:43,15/12/2021 9:43,15/12/2021 10:18,15/12/2021 11:30,NA,2,35.25,71.57,f,Zoletil,1.9,NA,NA,NA
DM138,Pole syringe,15/12/2021 7:00,15/12/2021 7:00,15/12/2021 7:15,15/12/2021 8:04,NA,3,15.2,48.92,f,Zoletil,2,NA,NA,NA
DM137,Pole syringe,15/12/2021 6:15,15/12/2021 6:15,15/12/2021 6:32,15/12/2021 7:18,NA,3,17.35,45.43,f,Zoletil,2,NA,NA,NA
DM136,Pole syringe,14/12/2021 10:09,14/12/2021 10:03,14/12/2021 10:55,14/12/2021 10:56,NA,3,51.65,1.31,m,Zoletil,2,NA,NA,NA
DM135,Pole syringe,14/12/2021 10:07,14/12/2021 10:07,14/12/2021 10:43,14/12/2021 11:05,NA,6,35.63,21.7,m,Zoletil,2.1,NA,NA,NA
DM134,Pole syringe,15/11/2021 6:10,15/11/2021 6:10,15/11/2021 6:36,15/11/2021 7:12,NA,4,25.87,35.95,f,Zoletil,2.5,NA,NA,NA
DM133,Pole syringe,15/11/2021 5:22,15/11/2021 5:22,15/11/2021 5:42,15/11/2021 6:36,NA,3,20.13,53.65,m,Zoletil,2.4,NA,NA,NA
DM132,Pole syringe,10/11/2021 9:23,10/11/2021 9:00,10/11/2021 9:28,10/11/2021 10:00,NA,3,28.17,32.1,f,Zoletil,2,NA,NA,NA
DM131,Pole syringe,10/11/2021 9:12,10/11/2021 8:58,10/11/2021 9:21,10/11/2021 9:21,NA,3,23.41,0.09,m,Zoletil,2,NA,NA,NA
DM130,Pole syringe,9/11/2021 7:09,9/11/2021 7:09,9/11/2021 7:26,9/11/2021 7:35,NA,4,17.15,8.52,m,Zoletil,2.4,NA,NA,NA
DM129,Pole syringe,14/10/2021 7:46,14/10/2021 7:46,14/10/2021 7:57,14/10/2021 8:18,NA,4,10.73,21.41,m,Zoletil,2,NA,NA,NA
DM128,Pole syringe,13/10/2021 9:16,13/10/2021 9:16,13/10/2021 9:32,13/10/2021 11:20,NA,3,15.26,108.09,f,Zoletil,2,NA,NA,NA
DM126,Pole syringe,11/10/2021 10:28,11/10/2021 10:28,11/10/2021 11:01,11/10/2021 11:43,NA,14,33.16,42.06,m,Zoletil,2.1,NA,NA,NA
DM125,Pole syringe,10/10/2021 8:55,10/10/2021 8:55,10/10/2021 9:20,10/10/2021 10:00,NA,2,24.96,40.06,m,Zoletil,2,NA,NA,NA
DM124,Pole syringe,10/10/2021 7:01,10/10/2021 7:00,10/10/2021 7:20,10/10/2021 8:46,NA,4,20.89,85.15,m,Zoletil,1.8,NA,NA,NA
DM123,Pole syringe,9/10/2021 9:15,9/10/2021 9:15,9/10/2021 9:37,9/10/2021 10:14,NA,5,21.68,36.96,m,Zoletil,2,NA,NA,NA
DM122,Pole syringe,9/10/2021 8:02,9/10/2021 7:59,9/10/2021 8:22,9/10/2021 9:42,NA,3,22.98,80.5,m,Zoletil,2,NA,NA,NA
DM74,Pole syringe,21/07/2021 11:15,21/07/2021 11:15,21/07/2021 11:30,21/07/2021 12:20,NA,4,15.4,49.8,f,Zoletil,2,NA,NA,NA
DM73,Pole syringe,21/07/2021 9:57,21/07/2021 9:57,21/07/2021 10:08,21/07/2021 10:47,NA,3,10.96,39.03,m,Zoletil,2,NA,NA,NA
DM72,Pole syringe,20/07/2021 16:12,20/07/2021 15:40,20/07/2021 16:16,20/07/2021 16:22,NA,5,35.38,5.95,f,Zoletil,2.2,NA,NA,NA
DM71,Pole syringe,20/07/2021 15:42,20/07/2021 15:44,20/07/2021 16:10,20/07/2021 16:15,NA,5,25.42,5.02,f,Zoletil,2.1,NA,NA,NA
DM120,Pole syringe,17/05/2021 15:56,17/05/2021 15:58,17/05/2021 16:22,17/05/2021 17:14,NA,5,23.77,51.99,f,Zoletil,2,NA,NA,NA
DM119,Pole syringe,18/12/2020 6:10,18/12/2020 5:55,18/12/2020 6:10,18/12/2020 7:13,NA,4,15.33,63.23,m,Zoletil,2,NA,NA,NA
DM118,Pole syringe,18/12/2020 5:27,18/12/2020 5:29,18/12/2020 5:32,18/12/2020 6:17,NA,6,2.72,45.52,m,Zoletil,2,NA,NA,NA
DM117,Pole syringe,17/12/2020 19:05,17/12/2020 19:02,17/12/2020 19:17,17/12/2020 20:36,NA,4,15.3,78.38,f,Zoletil,2,NA,NA,NA
DM116,Pole syringe,17/12/2020 17:47,17/12/2020 17:24,17/12/2020 17:45,17/12/2020 19:23,NA,5,21.37,98.35,f,Zoletil,2,NA,NA,NA
DM114,Pole syringe,30/11/2020 9:05,30/11/2020 8:45,30/11/2020 9:04,30/11/2020 10:42,NA,3,19.32,98.3,m,Zoletil,1.9,NA,NA,NA
DM113,Pole syringe,30/11/2020 7:05,30/11/2020 6:37,30/11/2020 7:03,30/11/2020 7:49,NA,4,26.35,45.28,m,Zoletil,2,NA,NA,NA
DM112,Pole syringe,29/11/2020 14:06,29/11/2020 13:49,29/11/2020 14:05,29/11/2020 14:10,NA,3,16.4,5.32,m,Zoletil,2,NA,NA,NA
DM111,Pole syringe,28/11/2020 22:25,28/11/2020 22:02,28/11/2020 22:23,28/11/2020 22:59,NA,6,21.22,36.3,f,Zoletil,2,NA,NA,NA
DM110,Pole syringe,28/11/2020 20:22,28/11/2020 19:40,28/11/2020 20:20,28/11/2020 20:23,NA,5,40.37,2.22,m,Zoletil,2,NA,NA,NA
DM109,Pole syringe,28/11/2020 20:13,28/11/2020 19:43,28/11/2020 20:03,28/11/2020 20:36,NA,2,20.27,32.25,m,Zoletil,2,NA,NA,NA
DM108,Pole syringe,27/11/2020 6:30,27/11/2020 6:19,27/11/2020 6:46,27/11/2020 9:00,NA,5,26.3,134.22,m,Zoletil,2,NA,NA,NA
DM107,Pole syringe,25/11/2020 21:18,25/11/2020 21:27,25/11/2020 21:42,25/11/2020 22:36,NA,3,15.2,53.2,m,Zoletil,2,NA,NA,NA
DM106,Pole syringe,25/11/2020 20:12,25/11/2020 19:56,25/11/2020 20:21,25/11/2020 21:26,NA,6,24.42,65.2,f,Zoletil,2.2,NA,NA,NA
DM104,Pole syringe,24/11/2020 14:26,24/11/2020 14:04,24/11/2020 14:31,24/11/2020 14:31,NA,5,27.23,0.27,m,Zoletil,2,NA,NA,NA
DM105,Pole syringe,24/11/2020 10:57,25/11/2020 10:52,25/11/2020 11:12,25/11/2020 12:11,NA,5,19.55,58.73,f,Zoletil,2,NA,NA,NA
DM103,Pole syringe,12/11/2020 10:01,12/11/2020 9:56,12/11/2020 10:15,12/11/2020 11:51,NA,3,19.15,95.97,f,Zoletil,2,NA,NA,NA
DM102,Pole syringe,11/11/2020 18:39,11/11/2020 18:39,11/11/2020 18:50,11/11/2020 19:21,NA,4,11.82,31.09,m,Zoletil,2,NA,NA,NA
DM98,Pole syringe,25/09/2020 14:37,25/09/2020 14:49,25/09/2020 15:32,25/09/2020 16:36,NA,6,42.55,63.67,f,Zoletil,5.1,NA,NA,NA
DM97,Pole syringe,24/09/2020 19:30,24/09/2020 19:07,24/09/2020 19:37,24/09/2020 20:01,NA,5,29.74,24.04,f,Zoletil,2.1,NA,NA,NA
DM96,Pole syringe,24/09/2020 19:16,24/09/2020 19:07,24/09/2020 19:18,24/09/2020 19:45,NA,5,11.15,26.97,f,Zoletil,2.2,NA,NA,NA
DM95,Pole syringe,24/09/2020 15:17,24/09/2020 15:17,24/09/2020 15:33,24/09/2020 17:14,NA,3,15.15,101.1,m,Zoletil,2,NA,NA,NA
DM94,Pole syringe,18/09/2020 17:56,18/09/2020 17:14,18/09/2020 17:59,18/09/2020 18:10,NA,3,44.16,11.04,m,Zoletil,2,NA,NA,NA
DM93,Pole syringe,18/09/2020 17:52,18/09/2020 17:23,18/09/2020 17:56,18/09/2020 19:20,NA,5,32.19,84.05,f,Zoletil,2.2,NA,NA,NA
DM92,Pole syringe,18/09/2020 17:48,18/09/2020 17:23,18/09/2020 17:51,18/09/2020 18:10,NA,3,27.15,19.02,f,Zoletil,2,NA,NA,NA
DM90,Pole syringe,16/09/2020 17:57,16/09/2020 17:49,16/09/2020 17:57,16/09/2020 18:50,NA,5,8.23,53.03,m,Zoletil,2,NA,NA,NA
DM100,Pole syringe,15/09/2020 15:40,15/09/2020 15:40,15/09/2020 16:10,15/09/2020 16:28,NA,5,29.23,18.18,m,Zoletil,2,NA,NA,NA
DM115,Pole syringe,17/12/2020 13:05,17/12/2020 12:49,17/12/2020 13:04,17/12/2020 14:33,NA,3,15.17,88.23,m,Zoletil,1.9,NA,NA,NA
DM127,Pole syringe,12/10/2021 10:20,12/10/2021 10:20,12/10/2021 10:36,12/10/2021 11:35,NA,7,16.1,59.6,m,Zoletil,2,NA,NA,NA
DM27,Pole syringe,22/02/2022 9:01,22/02/2022 9:01,22/02/2022 9:31,22/02/2022 9:47,NA,3,30.13,16.02,m,Zoletil,2,NA,NA,NA
DM23,Pole syringe,15/02/2023 12:00,15/02/2023 12:00,15/02/2023 12:24,15/02/2023 12:24,NA,5,24.1,0.02,m,Zoletil,2,NA,NA,NA
DM18,Pole syringe,29/01/2023 16:33,29/01/2023 16:36,29/01/2023 16:52,29/01/2023 19:00,NA,4,16.13,128.01,f,Zoletil,2,NA,NA,NA
DM36,Pole syringe,7/03/2022 12:05,7/03/2022 12:05,7/03/2022 12:24,7/03/2022 13:27,NA,5,19.1,62.46,m,Zoletil,2.1,NA,NA,NA
DM14,Pole syringe,25/01/2023 11:25,25/01/2023 10:54,25/01/2023 11:25,25/01/2023 12:22,NA,3,31.02,57.02,m,Zoletil,2,NA,NA,NA
DM15,Pole syringe,25/01/2023 15:37,25/01/2023 15:37,25/01/2023 16:00,25/01/2023 17:17,NA,3,22.48,76.97,f,Zoletil,2,NA,NA,NA
DM17,Pole syringe,25/01/2023 15:43,25/01/2023 15:43,25/01/2023 16:08,25/01/2023 17:08,NA,3,25.06,59.95,m,Zoletil,2,NA,NA,NA
DM13,Pole syringe,25/01/2023 7:06,25/01/2023 7:06,25/01/2023 7:23,25/01/2023 8:11,NA,3,17.23,48.02,f,Zoletil,2,NA,NA,NA
DM12,Pole syringe,17/01/2023 16:51,17/01/2023 16:51,17/01/2023 17:11,17/01/2023 17:32,NA,6,19.62,21.55,m,Zoletil,2,NA,NA,NA
DM45,Pole syringe,7/09/2022 15:43,7/09/2022 14:55,7/09/2022 15:36,7/09/2022 15:57,NA,4,41.13,21.23,m,Zoletil,2.2,NA,NA,NA
DM46,Pole syringe,8/09/2022 12:10,8/09/2022 12:10,8/09/2022 12:31,8/09/2022 13:17,NA,3,21.12,46.13,f,Zoletil,2,NA,NA,NA
DM39,Pole syringe,31/08/2022 10:54,31/08/2022 10:54,31/08/2022 11:17,31/08/2022 11:57,NA,3,23.3,39.97,m,Zoletil,2,NA,NA,NA
DM35,Pole syringe,4/03/2022 8:08,4/03/2022 8:08,4/03/2022 8:30,4/03/2022 9:03,NA,2,21.21,33,f,Zoletil,2,NA,NA,NA
DM31,Pole syringe,23/02/2022 11:30,23/02/2022 11:30,23/02/2022 11:45,23/02/2022 12:24,NA,3,14.97,39,f,Zoletil,2,NA,NA,NA
DM40,Pole syringe,1/09/2022 10:19,1/09/2022 10:19,1/09/2022 10:36,1/09/2022 11:04,NA,3,16.62,28.04,m,Zoletil,2,NA,NA,NA
DM30,Pole syringe,23/02/2022 8:17,23/02/2022 8:17,23/02/2022 8:38,23/02/2022 8:54,NA,3,21.75,16.23,f,Zoletil,2,NA,NA,NA
DM34,Pole syringe,4/03/2022 7:32,4/03/2022 7:32,4/03/2022 8:02,4/03/2022 8:35,NA,12,30.64,32.32,m,Zoletil,2,NA,NA,NA
DM43,Pole syringe,6/09/2022 12:06,6/09/2022 12:06,6/09/2022 12:23,6/09/2022 13:46,NA,3,16.25,83.18,m,Zoletil,2,NA,NA,NA
DM89,Pole syringe,16/09/2020 17:41,16/09/2020 17:45,16/09/2020 17:47,16/09/2020 18:49,NA,5,1.78,61.7,m,Zoletil,2,NA,NA,NA
DM91,Pole syringe,17/09/2020 16:48,17/09/2020 16:50,17/09/2020 17:04,17/09/2020 18:01,NA,3,14.45,57.16,f,Zoletil,2,NA,NA,NA
DM101,Pole syringe,11/11/2020 17:48,11/11/2020 17:48,11/11/2020 18:09,11/11/2020 18:50,NA,3,20.78,41.33,m,Zoletil,2,NA,NA,NA
DM121,Pole syringe,18/05/2021 13:42,18/05/2021 13:42,18/05/2021 14:07,18/05/2021 14:48,NA,2,25.34,40.8,m,Zoletil,2,NA,NA,NA
DM28,Pole syringe,22/02/2022 9:10,22/02/2022 9:10,22/02/2022 9:40,22/02/2022 10:10,NA,3,29.13,30.02,f,Zoletil,2,NA,NA,NA
DM99,Pole syringe,17/09/2020 8:45,17/09/2020 8:43,17/09/2020 8:56,17/09/2020 9:45,NA,3,13.23,49.32,f,Zoletil,2.1,NA,NA,NA
DM10,Pole syringe,3/07/2024 16:37,3/07/2024 16:59,3/07/2024 17:17,3/07/2024 18:02,NA,7,18.03,45.05,m,Zoletil,2.1,NA,NA,NA
DM09,Pole syringe,5/06/2024 10:16,5/06/2024 10:25,NA,NA,NA,4,NA,NA,f,Zoletil,2,NA,NA,NA
DM08,Pole syringe,5/06/2024 9:49,5/06/2024 9:49,5/06/2024 10:15,5/06/2024 10:15,NA,7,26.12,0.03,m,Zoletil,2,NA,NA,NA
DM07,Pole syringe,21/03/2024 8:57,21/03/2024 8:55,21/03/2024 9:16,21/03/2024 11:11,NA,11,21.09,115.2,m,Zoletil,2,NA,NA,NA
DM06,Pole syringe,5/03/2024 17:08,5/03/2024 17:08,5/03/2024 17:24,5/03/2024 17:55,NA,3,16.3,31,m,Zoletil,2,NA,NA,NA
DM05,Pole syringe,27/11/2023 13:20,27/11/2023 13:20,27/11/2023 13:34,27/11/2023 14:04,NA,5,14.23,29.27,f,Zoletil,2.1,NA,NA,NA
DM04,Pole syringe,24/11/2023 10:07,24/11/2023 9:54,24/11/2023 10:10,24/11/2023 10:41,NA,4,16.3,31.23,m,Zoletil,2,NA,NA,NA
DM03,Pole syringe,24/11/2023 9:50,24/11/2023 9:00,24/11/2023 10:02,24/11/2023 10:51,NA,4,62.23,48.18,f,Zoletil,2,NA,NA,NA
DM02,Pole syringe,24/11/2023 8:38,24/11/2023 8:38,24/11/2023 8:55,24/11/2023 8:55,NA,6,16.73,0.5,m,Zoletil,2,NA,NA,NA
DM01,Pole syringe,22/05/2023 13:30,22/05/2023 13:30,22/05/2023 13:54,22/05/2023 14:40,NA,4,23.9,45.58,m,Zoletil,2.1,NA,NA,NA
DM70,Pole syringe,26/09/2022 16:44,26/09/2022 16:47,26/09/2022 17:16,26/09/2022 17:59,NA,9,29.57,42.99,f,Zoletil,2.4,NA,NA,NA
DM69,Pole syringe,24/09/2022 9:03,24/09/2022 9:03,24/09/2022 9:23,24/09/2022 10:23,NA,3,19.62,60.02,m,Zoletil,2,NA,NA,NA
DM68,Pole syringe,23/09/2022 9:01,23/09/2022 9:01,23/09/2022 9:20,23/09/2022 10:29,NA,6,19.23,68.72,f,Zoletil,2,NA,NA,NA
DM67,Pole syringe,14/07/2022 17:37,14/07/2022 18:00,14/07/2022 18:00,14/07/2022 18:43,NA,4,0.02,43.01,m,Zoletil,2.2,NA,NA,NA
DM66,Pole syringe,28/03/2022 14:50,28/03/2022 14:50,28/03/2022 15:11,28/03/2022 16:13,NA,3,21.19,61.76,m,Zoletil,2.1,NA,NA,NA
DM65,Pole syringe,23/03/2022 16:58,23/03/2022 16:58,23/03/2022 17:18,23/03/2022 18:38,NA,4,19.74,80.02,m,Zoletil,2.3,NA,NA,NA
DM64,Pole syringe,22/03/2022 16:53,22/03/2022 16:55,22/03/2022 17:11,22/03/2022 18:12,NA,3,16.53,60.38,m,Zoletil,2.1,NA,NA,NA
DM63,Pole syringe,21/03/2022 17:12,21/03/2022 17:12,21/03/2022 17:31,21/03/2022 18:18,NA,8,19.25,47.08,f,Zoletil,2,NA,NA,NA
DM62,Pole syringe,24/02/2022 15:08,24/02/2022 15:08,24/02/2022 15:33,24/02/2022 16:18,NA,6,25.23,44.17,f,Zoletil,2.1,NA,NA,NA
DM61,Pole syringe,16/02/2022 16:48,16/02/2022 16:54,16/02/2022 17:19,16/02/2022 18:36,NA,9,25.12,77.45,m,Zoletil,2.5,NA,NA,NA
DM60,Pole syringe,25/11/2021 13:48,25/11/2021 13:48,25/11/2021 14:17,25/11/2021 16:39,NA,3,29.28,141.78,m,Zoletil,2.2,NA,NA,NA
DM59,Pole syringe,6/11/2021 15:02,6/11/2021 15:02,6/11/2021 15:24,6/11/2021 16:08,NA,5,21.98,44.16,m,Zoletil,2.4,NA,NA,NA
DM58,Pole syringe,4/11/2021 15:50,4/11/2021 15:49,4/11/2021 16:14,4/11/2021 17:00,NA,3,24.86,46.25,f,Zoletil,2.2,NA,NA,NA
DM57,Pole syringe,29/10/2021 6:24,29/10/2021 6:24,29/10/2021 6:56,29/10/2021 7:45,NA,10,32.38,48.48,m,Zoletil,2,NA,NA,NA
DM56,Pole syringe,28/10/2021 17:02,28/10/2021 17:00,28/10/2021 17:21,28/10/2021 18:44,NA,4,21.07,82.98,m,Zoletil,2,NA,NA,NA
DM55,Pole syringe,26/10/2021 17:44,26/10/2021 17:44,26/10/2021 18:21,26/10/2021 19:40,NA,12,36.6,79.9,f,Zoletil,2.5,NA,NA,NA
DM54,Pole syringe,25/10/2021 15:15,25/10/2021 15:13,25/10/2021 15:36,25/10/2021 16:39,NA,5,22.68,63.14,f,Zoletil,2,NA,NA,NA
DM82,Pole syringe,6/05/2021 15:46,6/05/2021 15:46,6/05/2021 16:13,6/05/2021 16:34,NA,3,26.82,20.81,m,Zoletil,2,NA,NA,NA
DM81,Pole syringe,6/05/2021 15:43,6/05/2021 15:43,6/05/2021 16:05,6/05/2021 17:07,NA,4,22.23,61.72,m,Zoletil,2,NA,NA,NA
DM80,Pole syringe,5/05/2021 16:27,5/05/2021 16:27,5/05/2021 16:45,5/05/2021 17:58,NA,3,18.28,72.85,m,Zoletil,2,NA,NA,NA
DM88,Pole syringe,6/11/2020 6:09,6/11/2020 5:54,6/11/2020 6:13,6/11/2020 7:11,NA,5,19.07,57.49,f,Zoletil,2,NA,NA,NA
DM87,Pole syringe,5/11/2020 7:44,5/11/2020 7:23,5/11/2020 7:46,5/11/2020 8:34,NA,3,23.26,48.04,f,Zoletil,2,NA,NA,NA
DM86,Pole syringe,5/11/2020 7:18,5/11/2020 7:18,5/11/2020 7:43,5/11/2020 8:21,NA,6,25.48,37.95,f,Zoletil,2,NA,NA,NA
DM85,Pole syringe,4/11/2020 18:36,4/11/2020 18:37,4/11/2020 18:50,4/11/2020 20:00,NA,4,12.97,70.48,m,Zoletil,1.8,NA,NA,NA
DM84,Pole syringe,4/11/2020 17:48,4/11/2020 17:48,4/11/2020 18:03,4/11/2020 18:03,NA,4,14.85,0.03,m,Zoletil,1.8,NA,NA,NA
DM83,Pole syringe,3/11/2020 17:28,3/11/2020 17:35,3/11/2020 18:00,3/11/2020 18:45,NA,5,24.55,44.85,m,Zoletil,2.4,NA,NA,NA
